cpd_num;library;cpd_structure;cpd_name;CBK_ID;batch_nr;therapeutic_class;therapeutic_effect
1;Selleck-known kinase inhibitors;COC1=C(OC)C=C2C(NC3=CC(Cl)=CC=C3)=NC=NC2=C1;AG-1478 (Tyrphostin AG-1478);CBK013405;BJ1856212;EGFR;NA
2;Selleck-known kinase inhibitors;O=C1C2=C3C(NN=C3C3=C1C=CC=C3)=CC=C2;SP600125;CBK016914;BJ1856099;JNK;NA
3;Selleck-known kinase inhibitors;OC1=C(O)C=C(\C=C(/C#N)C(=O)NCC2=CC=CC=C2)C=C1;AG-490;CBK040864;BJ1856063;JAK, EGFR;NA
4;Selleck-known kinase inhibitors;CC(C)(C)C1=CC(C=C(C#N)C#N)=CC(=C1O)C(C)(C)C;Tyrphostin 9 (SF 6847);CBK040892;BJ1856261;EGFR;NA
5;Selleck-known kinase inhibitors;OC1=C(O)C=C(C=C(C#N)C#N)C=C1;AG 18 (Tyrphostin 23);CBK040896;BJ1856278;EGFR;NA
6;Selleck-known kinase inhibitors;Cl.O=S(=O)(N1CCCNCC1)C1=C2C=CN=CC2=CC=C1;Fasudil HCl (HA-1077);CBK040910C;BJ1856127;ROCK;NA
7;Selleck-known kinase inhibitors;CN(C)CCCN1C=C(C2=CC=CC=C12)C1=C(C(=O)NC1=O)C1=CNC2=CC=CC=C12;GF109203X;CBK040989;BJ1856376;PKC;NA
8;Selleck-known kinase inhibitors;OC1=CC=C(C=C1)C1=COC2=C(C(O)=CC(O)=C2)C1=O;Genistein;CBK041143;BJ1856088;"Topoisomerase
EGFR";NA
9;Selleck-known kinase inhibitors;OC1=CC(O)=C2C(OC(=C(O)C2=O)C2=CC=C(O)C(O)=C2)=C1;Quercetin (Sophoretin);CBK041144;BJ1856133;PI3K, PKC, Src, Sirtuin;NA
10;Selleck-known kinase inhibitors;O=C1C=C(OC2=C(C=CC=C12)C1=CC=CC=C1)N1CCOCC1;LY294002;CBK041160;BJ1856048;PI3K;NA
11;Selleck-known kinase inhibitors;CCO.N\C(SC1=CC=CC=C1N)=C(/C#N)\C(\C#N)=C(\N)SC1=CC=CC=C1N;U0126-EtOH;CBK041167G;BJ1856045;MEK ;NA
12;Selleck-known kinase inhibitors;CS(=O)C1=CC=C(C=C1)C1=NC(=C(N1)C1=CC=NC=C1)C1=CC=C(F)C=C1;SB 203580;CBK041168;BJ1856034;p38 MAPK;NA
13;Selleck-known kinase inhibitors;COC1=C(N)C(=CC=C1)C1=CC(=O)C2=CC=CC=C2O1;PD98059;CBK041174;BJ1856074;MEK;NA
14;Selleck-known kinase inhibitors;[H][C@@]12CCC(=O)[C@@]1(C)C[C@@H](OC(C)=O)C1=C2C(=O)C2=C3C(=CO2)C(=O)O[C@H](COC)[C@]13C;Wortmannin;CBK041187;BJ1856249;PI3K;NA
15;Selleck-known kinase inhibitors;OC1=CC=C(C=C1)C1=NC(=C(N1)C1=CC=NC=C1)C1=CC=C(F)C=C1;SB 202190;CBK041209;BJ1856035;p38 MAPK;NA
16;Selleck-known kinase inhibitors;CN(C)C1=CC=CC(=C1)C(=O)NC1=CC(NC(=O)C2=CC=C(O)C=C2)=C(C)C=C1;ZM 336372;CBK041223;BJ1856198;Raf;NA
17;Selleck-known kinase inhibitors;Cl.Cl.C[C@@H](N)[C@H]1CC[C@@H](CC1)C(=O)NC1=CC=NC=C1;Y-27632 2HCl;CBK041232C;BJ1856026;ROCK;NA
18;Selleck-known kinase inhibitors;Cl.CC(C)N(CCC(=O)C1=CC=C2C=CC=CC2=C1)CC1=CC=CC=C1;ZM 39923 HCl;CBK041242C;BJ1856321;JAK;NA
19;Selleck-known kinase inhibitors;OC1=C(Br)C=C(\C=C2/C(=O)NC3=CC=C(I)C=C23)C=C1Br;GW5074;CBK041247;BJ1856282;Raf;NA
20;Selleck-known kinase inhibitors;CO[C@@H]1C[C@H](C[C@@H](C)[C@@H]2CC(=O)[C@H](C)\C=C(C)\[C@@H](O)[C@@H](OC)C(=O)[C@H](C)C[C@H](C)\C=C\C=C\C=C(C)\[C@H](C[C@@H]3CC[C@@H](C)[C@@](O)(O3)C(=O)C(=O)N3CCCC[C@H]3C(=O)O2)OC)CC[C@H]1O;Rapamycin (Sirolimus);CBK041801;BJ1856020;mTOR ;NA
21;Selleck-known kinase inhibitors;O[C@@H](CC(O)=O)C(O)=O.CCN(CC)CCNC(=O)C1=C(C)NC(\C=C2/C(=O)NC3=CC=C(F)C=C23)=C1C;Sunitinib Malate (Sutent);CBK149343H;BJ1856022;VEGFR, PDGFR, c-Kit, Flt;NA
22;Selleck-known kinase inhibitors;CC1=CC(NC(=O)NC2=CC=C(C=C2)C2=C3C(N)=NNC3=CC=C2)=C(F)C=C1;Linifanib (ABT-869);CBK169041;BJ1856001;PDGFR, VEGFR;NA
23;Selleck-known kinase inhibitors;CN1CCN(CC2=CC=C(C=C2)C(=O)NC2=CC=C(C)C(NC3=NC=CC(=N3)C3=CC=CN=C3)=C2)CC1;Imatinib (STI571);CBK176259;BJ1856155;NA;NA
24;Selleck-known kinase inhibitors;CS(O)(=O)=O.CN1CCN(CC2=CC=C(C=C2)C(=O)NC2=CC=C(C)C(NC3=NC=CC(=N3)C3=CC=CN=C3)=C2)CC1;Imatinib Mesylate;CBK176259G;BJ1856013;PDGFR, c-Kit, Bcr-Abl;NA
25;Selleck-known kinase inhibitors;CC1=CN(C=N1)C1=CC(NC(=O)C2=CC=C(C)C(NC3=NC=CC(=N3)C3=CN=CC=C3)=C2)=CC(=C1)C(F)(F)F;Nilotinib (AMN-107);CBK176260;BJ1856016;Bcr-Abl;NA
26;Selleck-known kinase inhibitors;CC1=NC(NC2=NC=C(S2)C(=O)NC2=C(Cl)C=CC=C2C)=CC(=N1)N1CCN(CCO)CC1;Dasatinib (BMS-354825);CBK176261;BJ1856009;Src, Bcr-Abl, c-Kit;NA
27;Selleck-known kinase inhibitors;Cl.COCCOC1=C(OCCOC)C=C2C(NC3=CC=CC(=C3)C#C)=NC=NC2=C1;Erlotinib(OSI-744);CBK200518C;BJ1856058;EGFR;NA
28;Selleck-known kinase inhibitors;Cl.NC(=N)NC(=N)NCCC1=CC=CC=C1;Phenformin hydrochloride ;CBK200667C;BJ1856168;AMPK;NA
29;Selleck-known kinase inhibitors;COC1=C(OCCCN2CCOCC2)C=C2C(NC3=CC=C(F)C(Cl)=C3)=NC=NC2=C1;Gefitinib (Iressa);CBK200981;BJ1856012;EGFR;NA
30;Selleck-known kinase inhibitors;Cl.Cl.ClC1=CC=C(NC2=NN=C(CC3=CC=NC=C3)C3=CC=CC=C23)C=C1;Vatalanib dihydrochloride (PTK787);CBK201014C;BJ1856044;VEGFR, c-Kit, Flt;NA
31;Selleck-known kinase inhibitors;CN1N=C(N)C2=CN([C@@H]3O[C@H](CO)[C@@H](O)[C@H]3O)C3=C2C1=NC=N3;Triciribine (Triciribine phosphate);CBK201383;BJ1856314;Akt;NA
32;Selleck-known kinase inhibitors;CC[C@H]1N(C2CCCC2)C2=NC(NC3=CC=C(C=C3OC)C(=O)NC3CCN(C)CC3)=NC=C2N(C)C1=O;BI 2536;CBK277921;BJ1856051;PLK;NA
33;Selleck-known kinase inhibitors;Cl.CC(=O)C1=C(C)C2=CN=C(NC3=NC=C(C=C3)N3CCNCC3)N=C2N(C2CCCC2)C1=O;PD 0332991 (Palbociclib) HCl;CBK277922C;BJ1856055;CDK;NA
34;Selleck-known kinase inhibitors;O=C(NC1CC1)NC1=CNN=C1C1=NC2=CC(CN3CCOCC3)=CC=C2N1;AT9283;CBK277923;BJ1856061;Bcr-Abl, JAK, Aurora Kinase;NA
35;Selleck-known kinase inhibitors;CN1C=NC2=C(F)C(NC3=CC=C(Br)C=C3Cl)=C(C=C12)C(=O)NOCCO;AZD6244 (Selumetinib);CBK277925;BJ1856004;MEK;NA
36;Selleck-known kinase inhibitors;CN(C)C\C=C\C(=O)NC1=CC2=C(NC3=CC=C(F)C(Cl)=C3)N=CN=C2C=C1O[C@H]1CCOC1;Afatinib (BIBW2992);CBK277927;BJ1856367;EGFR;NA
37;Selleck-known kinase inhibitors;CN1CCN(CC1)C1=CC2=C(C=C1)N=C(N2)C1=C(N)C2=C(NC1=O)C=CC=C2F;Dovitinib (TKI-258);CBK277928;BJ1856011;c-Kit, FGFR, Flt, VEGFR, PDGFR ;NA
38;Selleck-known kinase inhibitors;CC(O)C(O)=O.CC(O)C(O)=O.CN1CCN(CC1)C1=CC=C2N=C(NC2=C1)C1=C(N)C2=C(NC1=O)C=CC=C2F;Dovitinib Dilactic acid (TKI258 Dilactic aci;CBK277928G;BJ1856227;Flt, FGFR, PDGFR, VEGFR, c-Kit;NA
39;Selleck-known kinase inhibitors;C[C@@H](OC1=C(N)N=CC(=C1)C1=CN(N=C1)C1CCNCC1)C1=C(Cl)C=CC(F)=C1Cl;Crizotinib (PF-02341066);CBK277930;BJ1856031;c-Met, ALK;NA
40;Selleck-known kinase inhibitors;CO[C@@H](C(=O)N1CC2=C(C1)C(NC(=O)C1=CC=C(C=C1)N1CCN(C)CC1)=NN2)C1=CC=CC=C1;Danusertib (PHA-739358);CBK277931;BJ1856050;Aurora Kinase, FGFR, Bcr-Abl, c-RET, Src;NA
41;Selleck-known kinase inhibitors;COC1=CC2=C(C=C1OCCCN1CCOCC1)N=CC=C2OC1=C(F)C=C(NC(=O)C2(CC2)C(=O)NC2=CC=C(F)C=C2)C=C1;Foretinib (GSK1363089, XL880);CBK277932;BJ1856052;c-Met, VEGFR;NA
42;Selleck-known kinase inhibitors;CC(C)(C)C1=CN=C(CSC2=CN=C(NC(=O)C3CCNCC3)S2)O1;SNS-032 (BMS-387032);CBK277936;BJ1856064;CDK ;NA
43;Selleck-known kinase inhibitors;COC1=CC2=C(C=C1OCCCCCCC(=O)NO)C(NC1=CC(=CC=C1)C#C)=NC=N2;CUDC-101;CBK277940;BJ1856078;HDAC, EGFR, HER2;NA
44;Selleck-known kinase inhibitors;Cl.[H][C@@]1(CCN(C)C[C@H]1O)C1=C2OC(=CC(=O)C2=C(O)C=C1O)C1=C(Cl)C=CC=C1;Flavopiridol (Alvocidib) HCl;CBK277941C;BJ1856204;CDK;NA
45;Selleck-known kinase inhibitors;CN1C=NC(=C1)C1=CC2=NC=CC(OC3=CC=C(NC(=S)NC(=O)CC4=CC=CC=C4)C=C3F)=C2S1;MGCD-265;CBK277942;BJ1856091;c-Met, VEGFR, Tie-2;NA
46;Selleck-known kinase inhibitors;OC[C@@H](O)CNC(=O)C1=CC=NC=C1NC1=C(F)C=C(I)C=C1;AS703026;CBK277945;BJ1856102;MEK ;NA
47;Selleck-known kinase inhibitors;CN1CCN(CC2=C(C=C(NC(=O)C3=CC(C#CC4=CN=C5C=CC=NN45)=C(C)C=C3)C=C2)C(F)(F)F)CC1;Ponatinib (AP24534);CBK277946;BJ1856107;Bcr-Abl, VEGFR, FGFR, PDGFR, Flt;NA
48;Selleck-known kinase inhibitors;COC1=C(OCCCN2CCCC2)C=C2N=CN=C(OC3=C(F)C4=C(NC(C)=C4)C=C3)C2=C1;Cediranib (AZD2171);CBK277948;BJ1856007;VEGFR, Flt;NA
49;Selleck-known kinase inhibitors;COC1=CC=C(C=N1)C1=CC2=C(C)N=C(N)N=C2N([C@H]2CC[C@@H](CC2)OCCO)C1=O;PF-04691502;CBK277949;BJ1856213;mTOR, PI3K, Akt;NA
50;Selleck-known kinase inhibitors;COC1=CC2=C(C=C1OC)C(OC1=CC=C(NC(=O)NC3=NOC(C)=C3)C(Cl)=C1)=CC=N2;Tivozanib (AV-951);CBK277951;BJ1856080;VEGFR, c-Kit, PDGFR;NA
51;Selleck-known kinase inhibitors;CN1C=C(C=N1)C1=C2C=NNC(=O)C3=C2C(N1)=CC(NC(=O)[C@H](N)C1CCCCC1)=C3;PF 477736;CBK277953;BJ1856265;Chk;NA
52;Selleck-known kinase inhibitors;NC(=O)NC1=C(SC(=C1)C1=CC(F)=CC=C1)C(=O)N[C@H]1CCCNC1;AZD7762;CBK277954;BJ1856117;Chk;NA
53;Selleck-known kinase inhibitors;CCN(CCO)CCCOC1=CC=C2C(NC3=CC(CC(=O)NC4=CC=CC(F)=C4)=NN3)=NC=NC2=C1;Barasertib (AZD1152-HQPA);CBK277955;BJ1856065;Aurora Kinase;NA
54;Selleck-known kinase inhibitors;COC1=C(CO)C=C(C=C1)C1=NC2=C(C=C1)C(=NC(=N2)N1CCOC[C@@H]1C)N1CCOC[C@@H]1C;AZD8055;CBK277956;BJ1856119;mTOR;NA
55;Selleck-known kinase inhibitors;CC1=CC=C(C=C1)N1N=C(C=C1NC(=O)NC1=CC=C(OCCN2CCOCC2)C2=C1C=CC=C2)C(C)(C)C;BIRB 796 (Doramapimod);CBK277959;BJ1856128;p38 MAPK;NA
56;Selleck-known kinase inhibitors;C[C@]1(CCCN1C1=NN2C=CC=C2C(NC2=NNC(=C2)C2CC2)=N1)C(=O)NC1=CC=C(F)N=C1;BMS-754807;CBK277962;BJ1856187;IGF-1R;NA
57;Selleck-known kinase inhibitors;CC[C@H](NC1=C2N=CNC2=NC=N1)C1=NC2=CC=CC(F)=C2C(=O)N1C1=CC=CC=C1;CAL-101 (GS-1101);CBK277963;BJ1856164;PI3K;NA
58;Selleck-known kinase inhibitors;CN1C(=O)C(C)=C2N(C(=O)N(C3CC3)C(=O)C2=C1NC1=CC=C(I)C=C1F)C1=CC(NC(C)=O)=CC=C1;GSK1120212 (Trametinib);CBK277964;BJ1856193;MEK ;NA
59;Selleck-known kinase inhibitors;COC1=CC=CC2=C1NC(=C2)C1=C2N(N=CN=C2N)C(=N1)[C@H]1CC[C@@H](CC1)C(O)=O;OSI-027;CBK277965;BJ1856170;mTOR;NA
60;Selleck-known kinase inhibitors;COC1=C(NS(=O)(=O)C2(C[C@H](O)CO)CC2)C(NC2=CC=C(I)C=C2F)=C(F)C(F)=C1;Refametinib (RDEA119, Bay 86-9766);CBK277966;BJ1856359;MEK;NA
61;Selleck-known kinase inhibitors;CO[C@@H]1C[C@H](C[C@H](C)[C@@H]2CC(=O)[C@H](C)\C=C(C)\[C@@H](O)[C@@H](OC)C(=O)[C@H](C)C[C@H](C)\C=C\C=C\C=C(C)\[C@H](C[C@@H]3CC[C@@H](C)[C@@](O)(O3)C(=O)C(=O)N3CCCC[C@H]3C(=O)O2)OC)CC[C@H]1OCCO;Everolimus (RAD001);CBK277967;BJ1856057;mTOR;NA
62;Selleck-known kinase inhibitors;N#CC[C@@H](C1CCCC1)N1C=C(C=N1)C1=NC=NC2=C1C=CN2;S-Ruxolitinib;CBK277968;BJ1856264;JAK;NA
63;Selleck-known kinase inhibitors;N#CC[C@H](C1CCCC1)N1C=C(C=N1)C1=NC=NC2=C1C=CN2;Ruxolitinib (INCB018424);CBK277968;BJ1856368;JAK;NA
64;Selleck-known kinase inhibitors;Cl.Cl.NC1(CCC1)C1=CC=C(C=C1)C1=C(C=C2C3=NNC(=O)N3C=CC2=N1)C1=CC=CC=C1;MK-2206 dihydrochloride;CBK277971C;BJ1856036;Akt;NA
65;Selleck-known kinase inhibitors;COC1=C(C=CC(NC2=NC3=C(CN=C(C4=C3C=CC(Cl)=C4)C3=C(OC)C=CC=C3F)C=N2)=C1)C(O)=O;MLN8237 (Alisertib);CBK277972;BJ1856059;Aurora Kinase;NA
66;Selleck-known kinase inhibitors;CCCS(=O)(=O)NC1=CC=C(F)C(C(=O)C2=CNC3=NC=C(C=C23)C2=CC=C(Cl)C=C2)=C1F;Vemurafenib (PLX4032);CBK277976;BJ1856087;Raf ;NA
67;Selleck-known kinase inhibitors;COC1=CC2=C(C=C1OCC1CCN(C)CC1)N=CN=C2NC1=C(F)C=C(Br)C=C1;Vandetanib (Zactima);CBK277977;BJ1856024;VEGFR;NA
68;Selleck-known kinase inhibitors;CC1=CC=C(C=C1)S(=O)(=O)NC1=NC2=CC=CC=C2N=C1NC1=CC2=NSN=C2C=C1;XL147;CBK277978;BJ1856056;PI3K;NA
69;Selleck-known kinase inhibitors;C[C@@]1(O)C[C@@H](C1)C1=NC(=C2N1C=CN=C2N)C1=CC=C2C=CC(=NC2=C1)C1=CC=CC=C1;OSI-906 (Linsitinib);CBK277980;BJ1856279;IGF-1R;NA
70;Selleck-known kinase inhibitors;C[C@@H]1CCN(C[C@@H]1N(C)C1=C2C=CNC2=NC=N1)C(=O)CC#N;Tofacitinib (CP-690550, Tasocitinib);CBK277983;BJ1856233;JAK;NA
71;Selleck-known kinase inhibitors;OC(=O)CC(O)(CC(O)=O)C(O)=O.C[C@@H]1CCN(C[C@@H]1N(C)C1=C2C=CNC2=NC=N1)C(=O)CC#N;Tofacitinib citrate (CP-690550 citrate);CBK277983G;BJ1856163;JAK;NA
72;Selleck-known kinase inhibitors;Cl.CCCCCCCCC1=CC=C(CCC(N)(CO)CO)C=C1;Fingolimod (FTY720);CBK277984C;BJ1856161;S1P Receptor, Bcr-Abl, PKC;NA
73;Selleck-known kinase inhibitors;CNC(=O)C1=CC=CC=C1SC1=CC2=C(C=C1)C(\C=C\C1=CC=CC=N1)=NN2;Axitinib;CBK277985;BJ1856002;VEGFR, PDGFR, c-Kit;NA
74;Selleck-known kinase inhibitors;CN1CCN(CCOC2=CC(OC3CCOCC3)=C3C(NC4=C(Cl)C=CC5=C4OCO5)=NC=NC3=C2)CC1;Saracatinib (AZD0530);CBK277986;BJ1856003;Src, Bcr-Abl;NA
75;Selleck-known kinase inhibitors;COC1=C(Cl)C=C(Cl)C(NC2=C(C=NC3=CC(OCCCN4CCN(C)CC4)=C(OC)C=C23)C#N)=C1;Bosutinib (SKI-606);CBK277987;BJ1856006;Src;NA
76;Selleck-known kinase inhibitors;CN(C1=CC2=NN(C)C(C)=C2C=C1)C1=NC(NC2=CC=C(C)C(=C2)S(N)(=O)=O)=NC=C1;Pazopanib;CBK277991;BJ1856271;VEGFR;NA
77;Selleck-known kinase inhibitors;Cl.CN(C1=CC2=NN(C)C(C)=C2C=C1)C1=NC(NC2=CC=C(C)C(=C2)S(N)(=O)=O)=NC=C1;Pazopanib HCl;CBK277991C;BJ1856017;VEGFR, PDGFR, c-Kit;NA
78;Selleck-known kinase inhibitors;COC1=CC2=C(C=C1OCCCN1CCCCC1)N=CN=C2N1CCN(CC1)C(=O)NC1=CC=C(OC(C)C)C=C1;Tandutinib (MLN518);CBK277992;BJ1856023;Flt;NA
79;Selleck-known kinase inhibitors;CO[C@@H]1C[C@H](C[C@@H](C)[C@@H]2CC(=O)[C@H](C)\C=C(C)\[C@@H](O)[C@@H](OC)C(=O)[C@H](C)C[C@H](C)\C=C\C=C\C=C(C)\[C@H](C[C@@H]3CC[C@@H](C)[C@@](O)(O3)C(=O)C(=O)N3CCCC[C@H]3C(=O)O2)OC)CC[C@H]1OC(=O)C(C)(CO)CO;Temsirolimus (CCI-779, NSC 683864);CBK277993;BJ1856369;mTOR;NA
80;Selleck-known kinase inhibitors;CN1C=C(C2=CC=CC=C12)C1=C(C(=O)NC1=O)C1=CN(C2CCN(CC3=NC=CC=C3)CC2)C2=CC=CC=C12;Enzastaurin (LY317615);CBK277995;BJ1856027;PKC ;NA
81;Selleck-known kinase inhibitors;CN1CCN(CC2=CC=C(C=C2)C(=O)NC2=CC(NC3=NC(=CS3)C3=CC=CN=C3)=C(C)C=C2)CC1;Masitinib (AB1010);CBK277997;BJ1856029;c-Kit, PDGFR, FGFR, FAK;NA
82;Selleck-known kinase inhibitors;CS(=O)(=O)N1CCN(CC2=CC3=NC(=NC(N4CCOCC4)=C3S2)C2=CC=CC3=C2C=NN3)CC1;Pictilisib (GDC-0941);CBK277998;BJ1856030;PI3K;NA
83;Selleck-known kinase inhibitors;CNC(=O)C1=CC(OC2=CC=C(NC(=O)NC3=CC=C(Cl)C(=C3)C(F)(F)F)C=C2)=CC=N1;Sorafenib;CBK278000;BJ1856336;Raf;NA
84;Selleck-known kinase inhibitors;CC1=CC=C(C=C1)S(O)(=O)=O.CNC(=O)C1=CC(OC2=CC=C(NC(=O)NC3=CC=C(Cl)C(=C3)C(F)(F)F)C=C2)=CC=N1;Sorafenib (Nexavar);CBK278000H;BJ1856021;VEGFR, PDGFR, Raf;NA
85;Selleck-known kinase inhibitors;CC[C@H](CO)NC1=NC(NCC2=CC=CC=C2)=C2N=CN(C(C)C)C2=N1;Roscovitine (Seliciclib, CYC202);CBK278001;BJ1856067;CDK ;NA
86;Selleck-known kinase inhibitors;CC(C)(C)C1=CC(NC(=O)NC2=CC=C(C=C2)C2=CN3C(SC4=CC(OCCN5CCOCC5)=CC=C34)=N2)=NO1;Quizartinib (AC220);CBK278013;BJ1856113;Flt;NA
87;Selleck-known kinase inhibitors;CC1=NNC(NC2=NN3C(CC4=CC=C(Cl)C=C4F)=C(C)N=C3C(CN3CCOCC3)=C2)=C1;LY2784544;CBK278016;BJ1856138;JAK ;NA
88;Selleck-known kinase inhibitors;CN1CCN(CC1)C1=NC(C2=C(C(=O)NC2=O)C2=CNC3=C2C=CC=C3)=C2C=CC=CC2=N1;Sotrastaurin (AEB071);CBK278019;BJ1856236;PKC ;NA
89;Selleck-known kinase inhibitors;COC1=CC(OC)=CC(NC2=NC3=CC=CC=C3N=C2NS(=O)(=O)C2=CC=C(NC(=O)C3=CC=C(C)C(OC)=C3)C=C2)=C1;XL765;CBK278020;BJ1856111;PI3K, mTOR;NA
90;Selleck-known kinase inhibitors;CNC(=O)C1=CC(OC2=CC(F)=C(NC(=O)NC3=CC=C(Cl)C(=C3)C(F)(F)F)C=C2)=CC=N1;Regorafenib (BAY 73-4506);CBK278025;BJ1856075;c-Kit, Raf, VEGFR;NA
91;Selleck-known kinase inhibitors;CC[C@H]1N(C(C)C)C2=C(C=NC(NC3=CC=C(C=C3OC)C(=O)N[C@H]3CC[C@@H](CC3)N3CCN(CC4CC4)CC3)=N2)N(C)C1=O;BI6727 (Volasertib);CBK278032;BJ1856165;PLK ;NA
92;Selleck-known kinase inhibitors;CN1C(NC2=CC=C(C=C2)C(F)(F)F)=NC2=C1C=CC(OC1=CC=NC(=C1)C1=NC=C(N1)C(F)(F)F)=C2;RAF265 (CHIR-265);CBK278036;BJ1856137;Raf, VEGFR;NA
93;Selleck-known kinase inhibitors;CC1=NC=C(NC(=O)NC2=C(OC[C@@H]3CNCCO3)C=C(C)C(Br)=C2)N=C1;LY2603618 (IC-83);CBK278040;BJ1856192;Chk;NA
94;Selleck-known kinase inhibitors;C[C@@H](O)COC1=CN2N=CN=C(OC3=C(F)C4=C(NC(C)=C4)C=C3)C2=C1C;Brivanib (BMS-540215);CBK278042;BJ1856038;VEGFR, FGFR;NA
95;Selleck-known kinase inhibitors;NC1=CC(=C(C=N1)C1=NC(=NC(=C1)N1CCOCC1)N1CCOCC1)C(F)(F)F;BKM120 (NVP-BKM120);CBK278043;BJ1856173;PI3K;NA
96;Selleck-known kinase inhibitors;COC(=O)C1=CC=C2C(NC(=O)\C2=C(/NC2=CC=C(C=C2)N(C)C(=O)CN2CCN(C)CC2)C2=CC=CC=C2)=C1;BIBF1120 (Vargatef);CBK278044;BJ1856005;VEGFR, PDGFR, FGFR;NA
97;Selleck-known kinase inhibitors;C[C@H](O)C(=O)N1CCN(CC2=C(C)C3=NC(=NC(N4CCOCC4)=C3S2)C2=CN=C(N)N=C2)CC1;Apitolisib (GDC-0980, RG7422);CBK278045;BJ1856201;mTOR, PI3K;NA
98;Selleck-known kinase inhibitors;COC1=CC2=C(C=C1OC)C(OC1=CC=C(NC(=O)C3(CC3)C(=O)NC3=CC=C(F)C=C3)C=C1)=CC=N2;XL-184 free base (Cabozantinib);CBK278049;BJ1856060;VEGFR, c-Met, Flt, Tie-2, c-Kit;NA
99;Selleck-known kinase inhibitors;O[C@@H](CC(O)=O)C(O)=O.COC1=CC2=C(C=C1OC)C(OC1=CC=C(NC(=O)C3(CC3)C(=O)NC3=CC=C(F)C=C3)C=C1)=CC=N2;Cabozantinib malate;CBK278049G;BJ1856287;VEGFR;NA
100;Selleck-known kinase inhibitors;C[C@H](NC1=NC=C(Cl)C(NC2=NNC(C)=C2)=N1)C1=NC=C(F)C=N1;AZD1480;CBK278050;BJ1856315;JAK;NA
101;Selleck-known kinase inhibitors;[H][C@@]12CC[C@@H](C)[C@@](O)(O1)C(=O)C(=O)N1CCCC[C@@]1([H])C(=O)O[C@@H](CC(=O)[C@H](C)\C=C(C)\[C@@H](O)[C@@H](OC)C(=O)[C@H](C)C[C@H](C)\C=C\C=C\C=C(C)\[C@H](C2)OC)[C@H](C)C[C@@H]1CC[C@@H](OP(C)(C)=O)[C@@H](C1)OC;Deforolimus (MK-8669);CBK278051;BJ1856010;mTOR;NA
102;Selleck-known kinase inhibitors;CN1C=NC2=C1C=C(C(=O)NOCCO)C(NC1=C(F)C=C(Br)C=C1)=C2F;Binimetinib (MEK162, ARRY-162, ARRY-438162);CBK278055;BJ1856316;MEK;NA
103;Selleck-known kinase inhibitors;COC1=CC(NC2=NC(NC3=NC4=C(OC(C)(C)C(=O)N4)C=C3)=C(F)C=N2)=CC(OC)=C1OC;R406(free base);CBK278056;BJ1856118;Syk ;NA
104;Selleck-known kinase inhibitors;OS(=O)(=O)C1=CC=CC=C1.COC1=CC(NC2=NC(NC3=NC4=C(OC(C)(C)C(=O)N4)C=C3)=C(F)C=N2)=CC(OC)=C1OC;R406;CBK278056G;BJ1856141;Syk, Flt;NA
105;Selleck-known kinase inhibitors;O=C(CC1=CC=C(C=N1)C1=CC=C(OCCN2CCOCC2)C=C1)NCC1=CC=CC=C1;KX2-391;CBK278057;BJ1856196;Src;NA
106;Selleck-known kinase inhibitors;CN1C(=O)C(F)=C(NC2=CC=C(I)C=C2F)C2=C1N=CN(C[C@@H](O)CO)C2=O;TAK-733;CBK278060;BJ1856174;MEK;NA
107;Selleck-known kinase inhibitors;COC1=NC=C(C=C1NS(=O)(=O)C1=CC=C(F)C=C1F)C1=CC=C2N=CC=C(C3=CC=NN=C3)C2=C1;GSK2126458;CBK278062;BJ1856160;PI3K, mTOR;NA
108;Selleck-known kinase inhibitors;NC1=C2C(=NC=N1)N(N=C2C1=CC=C(OC2=CC=CC=C2)C=C1)C1CCCN(C1)C(=O)C=C;PCI-32765 (Ibrutinib);CBK278063;BJ1856156;Src;NA
109;Selleck-known kinase inhibitors;CCS(=O)(=O)C1=CC=CC(=C1)C1=CC(C(=O)NC2CCN(C)CC2)=C(C)C2=C1C1=C(N2)N=CC(C)=C1;TAK-901;CBK278064;BJ1856157;Aurora Kinase;NA
110;Selleck-known kinase inhibitors;O=C(NCC#N)C1=CC=C(C=C1)C1=NC(NC2=CC=C(C=C2)N2CCOCC2)=NC=C1;Momelotinib (CYT387);CBK278067;BJ1856150;JAK ;NA
111;Selleck-known kinase inhibitors;CC(C)N1N=C(C2=C(N)N=CN=C12)C1=CC2=C(OC(N)=N2)C=C1;INK 128 (MLN0128);CBK278068;BJ1856208;mTOR ;NA
112;Selleck-known kinase inhibitors;Cl.CN(\N=C\C1=CN=C2C=CC(Br)=CN12)S(=O)(=O)C1=C(C)C=CC(=C1)[N+]([O-])=O;PIK-75;CBK278069C;BJ1856079;PI3K, DNA-PK;NA
113;Selleck-known kinase inhibitors;CC(NC1=CC=CC=C1)C1=CC(C)=CN2C(=O)C=C(N=C12)N1CCOCC1;TGX-221;CBK278070;BJ1856070;PI3K;NA
114;Selleck-known kinase inhibitors;CCC1=C2N=C(C=C(NCC3=CC=C[N+]([O-])=C3)N2N=C1)N1CCCC[C@H]1CCO;Dinaciclib (SCH727965);CBK278081;BJ1856209;CDK;NA
115;Selleck-known kinase inhibitors;CC(C)(C)C1=NC(=C(S1)C1=NC(N)=NC=C1)C1=C(F)C(NS(=O)(=O)C2=C(F)C=CC=C2F)=CC=C1;Dabrafenib (GSK2118436);CBK278082;BJ1856240;Raf;NA
116;Selleck-known kinase inhibitors;CC1(COC2=CC3=C(C=C2)N(C=N3)C2=NC3=C(C=CC=C3C=C2)N2CCC(N)CC2)COC1;Crenolanib (CP-868596);CBK278084;BJ1856211;PDGFR;NA
117;Selleck-known kinase inhibitors;FC(F)C1=NC2=C(C=CC=C2)N1C1=NC(=NC(=N1)N1CCOCC1)N1CCOCC1;ZSTK474;CBK278088;BJ1856032;PI3K;NA
118;Selleck-known kinase inhibitors;CNC(=O)C1=CC=CC(=C1)C1=CC=C2C(N=C(N=C2N2CCOC[C@@H]2C)N2CCOC[C@@H]2C)=N1;AZD2014;CBK278090;BJ1856231;mTOR;NA
119;Selleck-known kinase inhibitors;CC1=NC2=C(C=C(C=C2N1CC1=CC=CC(=C1C)C(F)(F)F)N1CCOCC1)C(O)=O;GSK2636771;CBK278094;BJ1856274;PI3K;NA
120;Selleck-known kinase inhibitors;CNC(=O)C1=NC=CC(OC2=CC(F)=C(NC(=O)NC3=CC(=NN3C3=CC4=C(C=C3)N=CC=C4)C(C)(C)C)C=C2)=C1;DCC-2036 (Rebastinib);CBK278097;BJ1856131;Bcr-Abl;NA
121;Selleck-known kinase inhibitors;CC(C)NC[C@@H](C(=O)N1CCN(CC1)C1=C2[C@H](C)C[C@@H](O)C2=NC=N1)C1=CC=C(Cl)C=C1;Ipatasertib (GDC-0068);CBK278103;BJ1856239;Akt ;NA
122;Selleck-known kinase inhibitors;CC1=CC=C(C=C1)S(O)(=O)=O.CC1=CC=C(C=C1)S(O)(=O)=O.CS(=O)(=O)CCNCC1=CC=C(O1)C1=CC=C2N=CN=C(NC3=CC=C(OCC4=CC=CC(F)=C4)C(Cl)=C3)C2=C1;Lapatinib Ditosylate (Tykerb);CBK278119G;BJ1856014;EGFR, HER2;NA
123;Selleck-known kinase inhibitors;OP(O)(O)=O.OP(O)(O)=O.CC1(C)CNC2=CC(NC(=O)C3=C(NCC4=CC=NC=C4)N=CC=C3)=CC=C12;Motesanib Diphosphate;CBK278121G;BJ1856015;VEGFR, PDGFR, c-Kit;NA
124;Selleck-known kinase inhibitors;COC1=CC(NC2=NC=C(F)C(NC3=CC=C4OC(C)(C)C(=O)N(COP(O)(O)=O)C4=N3)=N2)=CC(OC)=C1OC;R788 (Fostamatinib);CBK278127;BJ1856176;Syk;NA
125;Selleck-known kinase inhibitors;CS(O)(=O)=O.CS(O)(=O)=O.CC(C)(C)CN1C(N)=NC2=C1N=C(C=C2)C1=C(N=C(N1)C(C)(C)C)C1=CC=C(F)C=C1;LY2228820;CBK278128G;BJ1856108;p38 MAPK;NA
126;Selleck-known kinase inhibitors;CCC1=CN=CN=C1N1CCN(CC2=NC3=C(N2)C=CC(=C3)C(F)(F)F)CC1;PF-4708671;CBK278129;BJ1856288;S6 Kinase;NA
127;Selleck-known kinase inhibitors;COC1=C(NC(=O)\C=C\CN2CCCCC2)C=C2C(NC3=CC(Cl)=C(F)C=C3)=NC=NC2=C1;Dacomitinib (PF299804, PF-00299804);CBK278131;BJ1856206;EGFR;NA
128;Selleck-known kinase inhibitors;OC(=O)C1=C(C=C(C=C1)C1=CNC2=NC=C(C=C12)C1=CC=CC=C1)C1CCCC1;GSK650394;CBK278132;BJ1856374;Others;NA
129;Selleck-known kinase inhibitors;Cl.CC1=C2N(C=C1NC(=O)OC[C@@H]1COCCN1)N=CN=C2NC1=CC2=C(C=C1)N(CC1=CC(F)=CC=C1)N=C2;BMS-599626 (AC480);CBK288253C;BJ1856028;EGFR, HER2;NA
130;Selleck-known kinase inhibitors;CCOC1=C(NC(=O)\C=C\CN(C)C)C=C2C(NC3=CC(Cl)=C(F)C=C3)=C(C=NC2=C1)C#N;Pelitinib (EKB-569);CBK288254;BJ1856095;EGFR;NA
131;Selleck-known kinase inhibitors;CN1CCN(CC1)C1=CC=C(NC2=NC=C(Cl)C(OC3=CC(NC(=O)C=C)=CC=C3)=N2)C=C1;WZ3146;CBK288255;BJ1856071;EGFR;NA
132;Selleck-known kinase inhibitors;COC1=C(NC2=NC=C(Cl)C(OC3=CC(NC(=O)C=C)=CC=C3)=N2)C=CC(=C1)N1CCN(C)CC1;WZ4002;CBK288256;BJ1856073;EGFR;NA
133;Selleck-known kinase inhibitors;CN1CCN(CC1)C1=CC=C(NC2=NC=C(Cl)C(SC3=CC(NC(=O)C=C)=CC=C3)=N2)C=C1;WZ8040;CBK288257;BJ1856076;EGFR;NA
134;Selleck-known kinase inhibitors;CC1=C(SC(N)=N1)C1=NC(NC2=CC=C(C=C2)N2CCOCC2)=NC=C1;CYC116;CBK288259;BJ1856072;Aurora Kinase, VEGFR;NA
135;Selleck-known kinase inhibitors;COC1=CC2=NC=CC(OC3=CC=C(NC(=O)NC4=CC=C(F)C=C4F)C(F)=C3)=C2C=C1OC;Ki8751;CBK288260;BJ1856093;VEGFR, c-Kit, PDGFR;NA
136;Selleck-known kinase inhibitors;CCCNC(=O)NC1=CC=C(OC2=NC=NC3=CC(OC)=C(OC)C=C23)C=C1Cl;KRN 633;CBK288261;BJ1856121;VEGFR, PDGFR;NA
137;Selleck-known kinase inhibitors;S=C(NCC1=CC=C2OCOC2=C1)N1CCN(CC1)C1=NC=NC2=C1OC1=CC=CC=C21;Amuvatinib (MP-470);CBK288262;BJ1856083;c-Met, c-Kit, PDGFR, Flt, c-RET;NA
138;Selleck-known kinase inhibitors;FC(F)(F)OC1=CC=C(NC(=O)C2=C(NCC3=CC=NC4=CC=CC=C34)C=CS2)C=C1;OSI-930;CBK288263;BJ1856081;c-Kit, VEGFR;NA
139;Selleck-known kinase inhibitors;CC1=C(CCC(O)=O)C(C)=C(N1)\C=C1/C(=O)NC2=CC=CC=C12;TSU-68;CBK288264;BJ1856100;VEGFR, PDGFR , FGFR ;NA
140;Selleck-known kinase inhibitors;NC1=NC=NC2=C1C(=CN2[C@H]1C[C@H](CN2CCCC2)C1)C1=CC(OCC2=CC=CC=C2)=CC=C1;NVP-ADW742;CBK288266;BJ1856039;IGF-1R;NA
141;Selleck-known kinase inhibitors;O=C(N1CCNCC1)C1=CC=C(\C=C\C2=NNC3=C2C=CC=C3)C=C1;KW 2449;CBK288267;BJ1856136;Flt, Bcr-Abl, Aurora Kinase;NA
142;Selleck-known kinase inhibitors;COCC(=O)NC\C=C\C1=CC=C2N=CN=C(NC3=CC=C(OC4=CC=C(C)N=C4)C(C)=C3)C2=C1;CP-724714;CBK288268;BJ1856069;EGFR, HER2;NA
143;Selleck-known kinase inhibitors;CN1C=C(C=N1)C1=NN2C(C=C1)=NN=C2C(F)(F)C1=CC2=C(C=C1)N=CC=C2;JNJ-38877605;CBK288269;BJ1856054;c-Met ;NA
144;Selleck-known kinase inhibitors;OCCN1C=C(C=N1)C1=NC2=C(N=NN2CC2=CC3=CC=CN=C3C=C2)N=C1;PF-04217903;CBK288270;BJ1856042;c-Met ;NA
145;Selleck-known kinase inhibitors;CN1C=C(C=N1)C1=NN2C(SC3=CC=C4N=CC=CC4=C3)=NN=C2C=C1;SGX-523;CBK288271;BJ1856053;c-Met ;NA
146;Selleck-known kinase inhibitors;CN(C1=CC(Cl)=CC=C1)S(=O)(=O)C1=CC2=C(NC(=O)\C2=C/C2=C(C)C(C(=O)N3CCN(C)CC3)=C(C)N2)C=C1;SU11274;CBK288272;BJ1856037;c-Met ;NA
147;Selleck-known kinase inhibitors;C[C@@H](OC1=C(SC(=C1)N1C=NC2=C1C=C(CN1CCN(C)CC1)C=C2)C(N)=O)C1=CC=CC=C1C(F)(F)F;GSK461364;CBK288275;BJ1856140;PLK;NA
148;Selleck-known kinase inhibitors;ClC1=CC=CC(Cl)=C1C(=O)NC1=CNN=C1C(=O)NC1CCNCC1;AT7519;CBK288278;BJ1856112;CDK ;NA
149;Selleck-known kinase inhibitors;Cl.CC(C)C1=C2N=C(NCCCCCCN)C=C(NCC3=CC=CC=C3)N2N=C1;BS-181 HCl;CBK288279C;BJ1856126;CDK ;NA
150;Selleck-known kinase inhibitors;CC(C)CC(=O)NC1=NNC2=C1CN(C(=O)C1CCN(C)CC1)C2(C)C;PHA-793887;CBK288280;BJ1856105;CDK;NA
151;Selleck-known kinase inhibitors;CCN1CCN(CC1)C(=O)CC1=CC=C(NC2=NC(NC3=CC=C(C=C3)C(=O)NC3=CC=CC=C3Cl)=C(F)C=N2)C=C1;Aurora A Inhibitor I;CBK288281;BJ1856096;Aurora Kinase;NA
152;Selleck-known kinase inhibitors;CN(C)C1=CC=C(C=C1)C1=NC2=C(N3CCN(CC(=O)NC4=NC=CS4)CC3)C(Cl)=CN=C2N1;CCT129202;CBK288282;BJ1856109;Aurora Kinase;NA
153;Selleck-known kinase inhibitors;CN1CCN(CC1)C1=CC(NC2=NNC(C)=C2)=NC(\C=C\C2=CC=CC=C2)=N1;ENMD-2076;CBK288283;BJ1856077;Flt, Aurora Kinase, VEGFR;NA
154;Selleck-known kinase inhibitors;CCS(=O)(=O)NC1=CC=C2NC(=O)\C(=C(/NC3=CC=C(CN4CCCCC4)C=C3)C3=CC=CC=C3)C2=C1;Hesperadin;CBK288284;BJ1856114;Aurora Kinase;NA
155;Selleck-known kinase inhibitors;CCC1=CC=CC(CC)=C1NC(=O)N1CC2=C(C1)C(NC(=O)C1=CC=C(C=C1)N1CCN(C)CC1)=NN2;PHA-680632;CBK288285;BJ1856097;Aurora Kinase;NA
156;Selleck-known kinase inhibitors;CS(O)(=O)=O.ClC1=CC=CC(NC(=O)NC2=NC=C(CCNC3=NC=NC4=C3SC=C4)S2)=C1;SNS-314 Mesylate;CBK288286G;BJ1856068;Aurora Kinase;NA
157;Selleck-known kinase inhibitors;CN1CCN(CC1)C1=NC(SC2=CC=C(NC(=O)C3CC3)C=C2)=NC(NC2=NNC(C)=C2)=C1;VX-680 (MK-0457, Tozasertib);CBK288287;BJ1856025;Aurora Kinase;NA
158;Selleck-known kinase inhibitors;COC1=C(OCCCN2CCOCC2)C=C2N=CN=C(NC3=CC=C(NC(=O)C4=CC=CC=C4)C=C3)C2=C1;ZM-447439;CBK288288;BJ1856046;Aurora Kinase;NA
159;Selleck-known kinase inhibitors;CN1C(=O)C(C)=CC(C(=O)NOCCO)=C1NC1=C(F)C=C(I)C=C1;AZD8330;CBK288289;BJ1856135;MEK;NA
160;Selleck-known kinase inhibitors;CNC(=O)C1=CC=C2C(NC(=O)\C2=C(/NC2=CC(CN(C)C)=CC=C2)C2=CC=CC=C2)=C1;BIX 02188;CBK288290;BJ1856115;MEK ;NA
161;Selleck-known kinase inhibitors;CN(C)CC1=CC=CC(N\C(=C2/C(=O)NC3=CC(=CC=C23)C(=O)N(C)C)C2=CC=CC=C2)=C1;BIX 02189;CBK288291;BJ1856116;MEK ;NA
162;Selleck-known kinase inhibitors;CCOC1=C(C(=O)NC2=CC=C(OC3=CC=NC(N)=C3Cl)C(F)=C2)C(=O)N(C=C1)C1=CC=C(F)C=C1;BMS 777607;CBK288292;BJ1856123;c-Met;NA
163;Selleck-known kinase inhibitors;FC1=CC=C(C(=O)NOCC2CC2)C(NC2=CC=C(I)C=C2Cl)=C1F;CI-1040 (PD184352);CBK288293;BJ1856008;MEK ;NA
164;Selleck-known kinase inhibitors;OCC(O)CONC(=O)C1=C(NC2=CC=C(I)C=C2F)C(F)=C(F)C(Br)=C1;PD318088;CBK288294;BJ1856124;MEK ;NA
165;Selleck-known kinase inhibitors;OC[C@@H](O)CONC(=O)C1=C(NC2=CC=C(I)C=C2F)C(F)=C(F)C=C1;PD0325901;CBK288295;BJ1856018;MEK ;NA
166;Selleck-known kinase inhibitors;NC(=O)N(C1=NC(=C(C=C1)C(N)=O)C1=C(F)C=C(F)C=C1)C1=C(F)C=CC=C1F;VX-702;CBK288296;BJ1856162;p38 MAPK;NA
167;Selleck-known kinase inhibitors;FC1=CC(F)=C(SC2=NN3C=NC(=O)C(=C3C=C2)C2=C(Cl)C=CC=C2Cl)C=C1;VX-745;CBK288297;BJ1856313;p38 MAPK;NA
168;Selleck-known kinase inhibitors;OCCN1C=C(C(=N1)C1=CC=NC=C1)C1=CC=C2C(CC\C2=N/O)=C1;GDC-0879;CBK288298;BJ1856047;Raf;NA
169;Selleck-known kinase inhibitors;CCCS(=O)(=O)NC1=CC=C(F)C(C(=O)C2=CNC3=NC=C(Cl)C=C23)=C1F;PLX-4720;CBK288299;BJ1856066;Raf ;NA
170;Selleck-known kinase inhibitors;CC1=CC=CC2=C1C(=O)N(C(CN1N=CC3=C1N=CN=C3N)=N2)C1=C(C)C=CC=C1;PIK-293;CBK288302;BJ1856146;PI3K;NA
171;Selleck-known kinase inhibitors;CC(=O)NC1=NC(C)=C(S1)C1=CC(=C(Cl)C=C1)S(=O)(=O)NCCO;PIK-93;CBK288304;BJ1856106;PI3K, VEGFR;NA
172;Selleck-known kinase inhibitors;NC1=NC2=NC(C3=CC=CC(O)=C3)=C(N=C2C(N)=N1)C1=CC(O)=CC=C1;TG100-115;CBK288305;BJ1856089;PI3K;NA
173;Selleck-known kinase inhibitors;COC1=C(CO)C=C(C=C1)C1=NC2=NC(=NC(N3CCOCC3)=C2C=C1)N1C[C@H](C)O[C@H](C)C1;Ku-0063794;CBK288306;BJ1856082;mTOR ;NA
174;Selleck-known kinase inhibitors;COC(=O)NC1=CC=C(C=C1)C1=NC2=C(C=NN2C2CCN(CC2)C(=O)OC)C(=N1)N1CCOCC1;WYE-354;CBK288307;BJ1856086;mTOR ;NA
175;Selleck-known kinase inhibitors;Cl.CC1=CNC(=N1)C1=CN=C(NCCNC2=NC=C(C=C2)C#N)N=C1C1=CC=C(Cl)C=C1Cl;CHIR-99021 (CT99021) HCl;CBK288309C;BJ1856094;PI3K/Akt/mTOR;NA
176;Selleck-known kinase inhibitors;O=C1NC2=CC=CC=C2\C1=C1/NC2=C(C=CC=C2)C1=O;Indirubin;CBK288310;BJ1856132;GSK-3;NA
177;Selleck-known kinase inhibitors;CN1C=C(C2=C1C=CC=C2)C1=C(C(=O)NC1=O)C1=CC=C(Cl)C=C1Cl;SB 216763;CBK288311;BJ1856033;GSK-3;NA
178;Selleck-known kinase inhibitors;O=C1C=C(OC(=C1)C1=CC=CC2=C1SC1=CC=CC=C1S2)N1CCOCC1;KU-55933;CBK288312;BJ1856040;ATM ;NA
179;Selleck-known kinase inhibitors;C[C@H]1CN(CC(=O)NC2=CC3=C(SC4=C(C3)C=CC=C4C3=CC(=O)C=C(O3)N3CCOCC3)C=C2)C[C@@H](C)O1;KU-60019;CBK288313;BJ1856125;ATM ;NA
180;Selleck-known kinase inhibitors;ClC1=CC=C(C=C1)C1(CCNCC1)C1=CC=C(C=C1)C1=CNN=C1;AT7867;CBK288314;BJ1856122;Akt, S6 kinase;NA
181;Selleck-known kinase inhibitors;CCN1CCN(CC2=CC=C(C=C2)C2=CC3=C(N[C@H](C)C4=CC=CC=C4)N=CN=C3N2)CC1;AEE788 (NVP-AEE788);CBK288316;BJ1856104;EGFR, Flt, VEGFR, HER2;NA
182;Selleck-known kinase inhibitors;NC1=NC(NC2=CC=C(C=C2)S(N)(=O)=O)=NN1C(=O)C1=C(F)C=CC=C1F;JNJ-7706621;CBK288317;BJ1856084;CDK, Aurora Kinase;NA
183;Selleck-known kinase inhibitors;O=C1NC(=O)\C(S1)=C\C1=CC=C2N=CC=C(C3=CC=NC=C3)C2=C1;GSK1059615;CBK288318;BJ1856090;PI3K, mTOR;NA
184;Selleck-known kinase inhibitors;OC1=CC(=CC=C1)C1=NC2=C(OC3=C2C=CC=N3)C(=N1)N1CCOCC1;PI-103;CBK288319;BJ1856019;DNA-PK, PI3K, mTOR;NA
185;Selleck-known kinase inhibitors;CNC(=O)C1=C(F)C=CC=C1NC1=C2C=CNC2=NC(NC2=C(OC)C=C3CCN(C(=O)CN(C)C)C3=C2)=N1;GSK1838705A;CBK288320;BJ1856197;IGF-1, ALK;NA
186;Selleck-known kinase inhibitors;CN(C1=C(CNC2=C(C=NC(NC3=CC=C4NC(=O)CC4=C3)=N2)C(F)(F)F)C=CC=N1)S(C)(=O)=O;PF-562271;CBK288321;BJ1856259;NA;NA
187;Selleck-known kinase inhibitors;OS(=O)(=O)C1=CC=CC=C1.CN(C1=C(CNC2=C(C=NC(NC3=CC=C4NC(=O)CC4=C3)=N2)C(F)(F)F)C=CC=N1)S(C)(=O)=O;PF-00562271;CBK288321G;BJ1856183;FAK;NA
188;Selleck-known kinase inhibitors;CNC(=O)CN1CCC(CC1)OC1=C(OC)C=C2N=CN=C(NC3=C(F)C(Cl)=CC=C3)C2=C1;AZD8931;CBK288323;BJ1856139;EGFR, HER2;NA
189;Selleck-known kinase inhibitors;CN1N=CC2=C1N=C(N=C2NC1=CC(=CC=C1C)C(=O)NC1=CC=CC(=C1)C(F)(F)F)C1=CC=CN=C1;NVP-BHG712;CBK288325;BJ1856144;VEGFR, Src, Raf, Bcr-Abl;NA
190;Selleck-known kinase inhibitors;Cl.COCCOC1=CC2=C(C=C1OCCO)C(NC1=CC=CC(=C1)C#C)=NC=N2;OSI-420 (Desmethyl Erlotinib);CBK288326C;BJ1856145;EGFR;NA
191;Selleck-known kinase inhibitors;C[C@H](NC1=NC(NC2=NNC(C)=C2)=C(F)C=C1C#N)C1=CC=C(F)C=C1;AZ 960;CBK288327;BJ1856147;JAK;NA
192;Selleck-known kinase inhibitors;FC(F)(F)C1=CC=C(\C=C\C2=NC(COC3=CC=C(CCCCN4C=CN=N4)C=C3)=CO2)C=C1;Mubritinib (TAK 165);CBK288328;BJ1856148;HER2;NA
193;Selleck-known kinase inhibitors;CC(C)N1N=C(C2=CC3=C(N2)C=CC(O)=C3)C2=C(N)N=CN=C12;Torkinib (PP242);CBK288329;BJ1856149;mTOR;NA
194;Selleck-known kinase inhibitors;CS(O)(=O)=O.O=C(NC1=CC=C(C=C1)C1(CCCC1)C#N)C1=CC=CN=C1NCC1=CC=NC=C1;Apatinib (YN968D1);CBK288330G;BJ1856189;VEGFR;NA
195;Selleck-known kinase inhibitors;CC1=CC=CC2=C1C(=O)N(C(CN1N=C(C3=C(N)N=CN=C13)C1=CC(O)=CC=C1)=N2)C1=C(C)C=CC=C1;PIK-294;CBK288331;BJ1856166;PI3K;NA
196;Selleck-known kinase inhibitors;CNC(=O)C1=NC=CC(COC2=NN=C(NC3=CC=C(Cl)C=C3)C3=C2OC=C3)=C1;Telatinib (BAY 57-9352);CBK288332;BJ1856167;VEGFR, PDGFR, c-Kit;NA
197;Selleck-known kinase inhibitors;CCC[C@H](NC(=O)C(=C\C1=NC(Br)=CC=C1)\C#N)C1=CC=CC=C1;WP1130;CBK288333;BJ1856172;DUB, Bcr-Abl;NA
198;Selleck-known kinase inhibitors;CC(C)N1C(C)=NC=C1C1=NC(NC2=CC=C(C=C2)S(C)(=O)=O)=NC=C1;AZD5438;CBK288335;BJ1856169;CDK;NA
199;Selleck-known kinase inhibitors;NC1=NC=NC2=C1C(=NN2C1CCCC1)C1=CN=C2NC=CC2=C1;PP-121;CBK288336;BJ1856171;DNA-PK, mTOR, PDGF;NA
200;Selleck-known kinase inhibitors;NC1(CC2=CC=C(Cl)C=C2)CCN(CC1)C1=C2C=CNC2=NC=N1;CCT128930;CBK288338;BJ1856175;Akt;NA
201;Selleck-known kinase inhibitors;CC1=C(SC(NC(=O)N2CCC[C@H]2C(N)=O)=N1)C1=CSC(=N1)C(C)(C)C;A66;CBK288339;BJ1856177;PI3K;NA
202;Selleck-known kinase inhibitors;O=C1C=C(OC2=C1C=CC=C2C1=CC=CC2=C1SC1=C2C=CC=C1)N1CCOCC1;NU7441(KU-57788);CBK288340;BJ1856202;DNA-PK, PI3K;NA
203;Selleck-known kinase inhibitors;CNC(=O)NC1=CC=C(C=C1)C1=NC2=C(C=NN2C2CCC3(CC2)OCCO3)C(=N1)N1CC2CCC(C1)O2;WYE-125132;CBK288341;BJ1856186;mTOR;NA
204;Selleck-known kinase inhibitors;CC1=NNC2=C1C=C(C=C2)C1=CN=CC(OC[C@@H](N)CC2=CC=CC=C2)=C1;A-674563;CBK288343;BJ1856178;Akt, CDK, PKA;NA
205;Selleck-known kinase inhibitors;OC1=C(C=CC(F)=C1)C1=CC=C(O1)\C=C1/SC(=O)NC1=O;AS-252424;CBK288344;BJ1856179;PI3K;NA
206;Selleck-known kinase inhibitors;FC1(F)OC2=C(O1)C=C(\C=C1/SC(=O)NC1=O)C=C2;AS-604850;CBK288345;BJ1856180;PI3K;NA
207;Selleck-known kinase inhibitors;C(N1CCC(CC1)N1N=CC2=C1N=C(N=C2N1CCOCC1)C1=CC2=C(NC=C2)C=C1)C1=CC=CN=C1;WAY-600;CBK288346;BJ1856185;mTOR;NA
208;Selleck-known kinase inhibitors;CN1CCN(CC1)C1=CC=C(NC2=NC=C(C)C(NC3=CC(=CC=C3)S(=O)(=O)NC(C)(C)C)=N2)C=C1;TG101209;CBK288347;BJ1856158;Flt, JAK, c-RET;NA
209;Selleck-known kinase inhibitors;OC1=CC=CC=C1C1=CC=C(C=C1)C1=CSC2=C1C(O)=C(C#N)C(=O)N2;A-769662;CBK288348;BJ1856195;AMPK;NA
210;Selleck-known kinase inhibitors;CC1=CSC(=C1)C1=NN=C(NC2=CC=C(OC3=C(C=CC=N3)C3=NC(N)=NC=C3)C=C2)C2=C1C=CC=C2;AMG 900;CBK288349;BJ1856159;Aurora Kinase;NA
211;Selleck-known kinase inhibitors;CNC(=O)C1=CC(N2C(C)=CC(OCC3=CC=C(F)C=C3F)=C(Br)C2=O)=C(C)C=C1;PH-797804;CBK288350;BJ1856205;p38 MAPK;NA
212;Selleck-known kinase inhibitors;Cl.Cl.FC1=CC(=CC(F)=C1CN1CCOCC1)C1=C2N=C(C=NC2=CC=C1)C1=CN(N=C1)C1CCNCC1;NVP-BSK805 2HCl;CBK288351C;BJ1856130;JAK;NA
213;Selleck-known kinase inhibitors;OC1=CC(\C=C\C2=CC=C(O)C(O)=C2)=CC(O)=C1;Piceatannol;CBK289742;BJ1856235;Others;NA
214;Selleck-known kinase inhibitors;CN1C=NC(N)=C2N=CN=C12;3-Methyladenine (3-MA);CBK289836;BJ1856222;PI3K;NA
215;Selleck-known kinase inhibitors;NC(=O)C1=C(N)N(C=N1)[C@@H]1O[C@H](CO)[C@@H](O)[C@H]1O;Acadesine;CBK289838;BJ1856280;AMPK;NA
216;Selleck-known kinase inhibitors;NC1=CC(=CC=C1)C1=CC2=C(N1)N=CN=C2OC1=CC=CC(O)=C1;TWS119;CBK289902;BJ1856188;GSK-3;NA
217;Selleck-known kinase inhibitors;CN1C(=O)C(NCCC2=CC=C(F)C=C2)=C(C1=O)C1=C(C)NC2=C1C=CC=C2;IM-12;CBK289903;BJ1856366;GSK-3;NA
218;Selleck-known kinase inhibitors;COC1=CC=C(CNC(=O)NC2=NC=C(S2)[N+]([O-])=O)C=C1;AR-A014418;CBK289904;BJ1856342;GSK-3;NA
219;Selleck-known kinase inhibitors;CC(C)(C)N1N=C(C2=C(N)N=CN=C12)C1=CC=C(Cl)C=C1;PP2;CBK289937;BJ1856297;Src;NA
220;Selleck-known kinase inhibitors;NC(=O)NC1=C(C=C(S1)C1=CC=C(F)C=C1)C(N)=O;TPCA-1;CBK289955;BJ1856248;IKK;NA
221;Selleck-known kinase inhibitors;CC1=CC=C(C=C1)C1=NN(C2=NC=NC(N)=C12)C(C)(C)C;PP1;CBK289985;BJ1856302;Src;NA
222;Selleck-known kinase inhibitors;OC1=C(Cl)C=C(NC2=C(C(=O)NC2=O)C2=C(C=CC=C2)[N+]([O-])=O)C=C1;SB 415286;CBK290022;BJ1856207;GSK-3;NA
223;Selleck-known kinase inhibitors;CS(O)(=O)=O.CN1C=C(C2=CC=CC=C12)C1=C(C(=O)NC1=O)C1=CN(CCCSC(N)=N)C2=CC=CC=C12;Ro 31-8220 Mesylate;CBK290095G;BJ1856322;PKC;NA
224;Selleck-known kinase inhibitors;OC1=CC=C(NC2=NC(=CS2)C2=CC=C(Cl)C=C2)C=C1;SKI II;CBK290111;BJ1856312;S1P Receptor;NA
225;Selleck-known kinase inhibitors;Cl.CC1=CC(F)=C(NC2=C3C=CC(OCC4=CC=CC=C4)=CC3=NC=N2)C=C1O;ZM 323881 HCl;CBK290196C;BJ1856262;VEGFR;NA
226;Selleck-known kinase inhibitors;COC1=CC2=NC=NC(NC3=C(F)C=C(Cl)C=C3)=C2C=C1OC;ZM 306416;CBK290206;BJ1856263;VEGFR;NA
227;Selleck-known kinase inhibitors;O=C(N1CCC(CC1)N1CCCC1)C1=CC=C(NC2=NC=CC(=N2)C2=CC3=CC=CC=C3S2)C=C1;IKK-16;CBK290215;BJ1856258;IKK;NA
228;Selleck-known kinase inhibitors;COC1=CC=C(C=C1OC)C(=O)NC1=C(C(N)=O)C2=C(CCCC2)S1;TCS 359;CBK290224;BJ1856286;FLT3;NA
229;Selleck-known kinase inhibitors;OC1=C(C=C(Cl)C=C1)C(=O)NC1=CC(=CC(=C1)C(F)(F)F)C(F)(F)F;IMD0354;CBK290227;BJ1856254;IKK;NA
230;Selleck-known kinase inhibitors;[O-][N+](=O)C1=CC(NC(=S)NC(NC(=O)C(C2=CC=CC=C2)C2=CC=CC=C2)C(Cl)(Cl)Cl)=CC=C1F;CGK 733;CBK290234;BJ1856303;ATM/ATR;NA
231;Selleck-known kinase inhibitors;CC1=C(C(=O)N2CCC[C@@H]2CN2CCCC2)C(C)=C(N1)\C=C1/C(=O)NC2=C1C=C(C=C2)S(=O)(=O)CC1=C(Cl)C=CC=C1Cl;PHA-665752;CBK290253;BJ1856194;c-Met;NA
232;Selleck-known kinase inhibitors;COC1=C(NC(=O)NC2=C3C=CC=CC3=NC(C)=C2)C=C(Cl)C=C1;PQ 401;CBK290262;BJ1856277;IGF-1R;NA
233;Selleck-known kinase inhibitors;CC1=CC(C)=C(N1)\C=C1/C(=O)NC2=CC=CC=C12;Semaxanib (SU5416);CBK290267;BJ1856252;VEGFR;NA
234;Selleck-known kinase inhibitors;O\N=C1\C(\NC2=CC=CC=C\12)=C1\C(=O)NC2=C1C=CC(Br)=C2;BIO;CBK290269;BJ1856319;GSK-3;NA
235;Selleck-known kinase inhibitors;NC(=O)C1=C(N)C=C(S1)C1=CSC=C1;SC-514;CBK290273;BJ1856293;I¦ÊB/IKK;NA
236;Selleck-known kinase inhibitors;OC1=CC=C2C=CC=CC2=C1SSC1=C2C=CC=CC2=CC=C1O;IPA-3;CBK290311;BJ1856296;PAK;NA
237;Selleck-known kinase inhibitors;CC1=CC=C(C=C1)S(=O)(=O)\C=C\C#N;BAY 11-7082 (BAY 11-7821);CBK290336;BJ1856275;I¦ÊB/IKK;NA
238;Selleck-known kinase inhibitors;N\C(SC1=CC=C(N)C=C1)=C(\C#N)C1=C(C=CC=C1)C(F)(F)F;SL327;CBK290339;BJ1856289;MEK;NA
239;Selleck-known kinase inhibitors;Cl.Cl.BrC1=CC=C(\C=C\CNCCNS(=O)(=O)C2=CC=CC3=C2C=CN=C3)C=C1;H 89 2HCl;CBK290454C;BJ1856270;S6 Kinase;NA
240;Selleck-known kinase inhibitors;Cl.Cl.Cl.CCN(CC)CCCC(C)NC1=NC(C)=CC(NC2=CC3=C(N)C=C(C)N=C3C=C2)=N1;NSC 23766;CBK290457C;BJ1856290;Rac;NA
241;Selleck-known kinase inhibitors;CCC1=CC(NC2=NC(=CC=N2)C2=C(N=C3C=CC=CN23)C2=CC(C(=O)NC3=C(F)C=CC=C3F)=C(OC)C=C2)=C(OC)C=C1N1CCC(CC1)N1CCN(CC1)S(C)(=O)=O;GSK1904529A;CBK290480;BJ1856041;IGF-1R;NA
242;Selleck-known kinase inhibitors;OC(=O)C1=CC=C(NC2=NC3=C(CN=C(C4=CC(Cl)=CC=C34)C3=C(F)C=CC=C3F)C=N2)C=C1;MLN8054;CBK290482;BJ1856043;Aurora Kinase;NA
243;Selleck-known kinase inhibitors;NCC(=O)NC1=CC=C(C=C1)N1N=C(C=C1C1=CC2=C(C=C1)C1=C(C=CC=C1)C=C2)C(F)(F)F;OSU-03012 (AR-12);CBK290484;BJ1856049;PDK-1;NA
244;Selleck-known kinase inhibitors;C[C@H](COC1=CN2N=CN=C(OC3=C(F)C4=C(NC(C)=C4)C=C3)C2=C1C)OC(=O)[C@H](C)N;Brivanib alaninate (BMS-582664);CBK290490;BJ1856062;VEGFR, FGFR;NA
245;Selleck-known kinase inhibitors;CCN(CC)CCCCNC1=NC=C2C=C(C(NC(=O)NC(C)(C)C)=NC2=N1)C1=CC(OC)=CC(OC)=C1;PD173074;CBK290509;BJ1856085;FGFR, VEGFR;NA
246;Selleck-known kinase inhibitors;[Na+].COC1=CC(OC)=C(\C=C\S(=O)(=O)CC2=CC=C(OC)C(NCC([O-])=O)=C2)C(OC)=C1;Rigosertib (ON-01910);CBK290527N;BJ1856092;PLK;NA
247;Selleck-known kinase inhibitors;O=C(NCC1=CC=CC=C1)C1=CSC(NC2=CC=NC=N2)=N1;Thiazovivin;CBK290556;BJ1856098;ROCK;NA
248;Selleck-known kinase inhibitors;CC1=C(C(CC(=O)N1)C1=CC=C(C=C1)C(F)(F)F)C(=O)NC1=C(F)C=C2NN=CC2=C1;GSK429286A;CBK290561;BJ1856101;ROCK ;NA
249;Selleck-known kinase inhibitors;COC1=CC=C(C=C1)S(=O)(=O)N(C(C)=O)C1=C(\C=C\C2=CC=[N+]([O-])C=C2)C=CC=C1;HMN-214;CBK290567;BJ1856103;PLK ;NA
250;Selleck-known kinase inhibitors;COC1=CC=C(COC2=C(OC)C=C3C(OC(=O)C4=C3C=CC(=C4)C(C)O)=C2)C=C1;Palomid 529;CBK290577;BJ1856110;mTOR;NA
251;Selleck-known kinase inhibitors;CCCCCCCCCCCCC1=CC=C(C=C1)S(=O)(=O)NC1=NN=CS1;PHT-427;CBK290585;BJ1856120;Akt, PDK-1;NA
252;Selleck-known kinase inhibitors;COC1=CC2=C(C=C1)C=C(C=C2)C1=C(N=C(N1)C1=CC=C(C=C1)S(C)=O)C1=CC=NC=C1;Tie2 kinase inhibitor;CBK290589;BJ1856129;Tie-2;NA
253;Selleck-known kinase inhibitors;COC1=C(C=C2C(OC3=CC(Cl)=C(NC(=O)NC4CC4)C=C3)=CC=NC2=C1)C(N)=O;E7080 (Lenvatinib);CBK290649;BJ1856134;VEGFR;NA
254;Selleck-known kinase inhibitors;CN1CCC(CNC2=NN3C(C=C2)=NC=C3C2=CC=CC(OC(F)(F)F)=C2)CC1;SGI-1776 free base;CBK290660;BJ1856142;Pim;NA
255;Selleck-known kinase inhibitors;NC1=NC=CC(OC2=CC=C(NC(=O)C3=CNC=C(C3=O)C3=CC=C(F)C=C3)C=C2F)=C1Cl;BMS 794833;CBK290661;BJ1856143;c-Met, VEGFR;NA
256;Selleck-known kinase inhibitors;CN(C)CCOC1=CC=C(C=C1)C1=NC(=C(N1)C1=CC=C2C(CC\C2=N/O)=C1)C1=CC=NC=C1;SB590885;CBK290663;BJ1856151;Raf;NA
257;Selleck-known kinase inhibitors;[H][C@@]12CC[C@]3(C)[C@]([H])(CC=C4[C@]5([H])[C@@H](C)[C@H](C)CC[C@@]5(CC[C@@]34C)C(O)=O)[C@@]1(C)C[C@@H](O)[C@H](O)[C@@]2(C)CO;Asiatic acid;CBK290671;BJ1856152;p38 MAPK;NA
258;Selleck-known kinase inhibitors;OC1=CC=C(CC=C)C=C1C1=CC(CC=C)=C(O)C=C1;Honokiol;CBK290689;BJ1856153;Akt, MEK;NA
259;Selleck-known kinase inhibitors;CC1=CC2=C(C(O)=C1)C(=O)C1=C(O)C=CC=C1C2=O;Chrysophanic acid (Chrysophanol);CBK290716;BJ1856154;EGFR, mTOR;NA
260;Selleck-known kinase inhibitors;FC1=CC=C(C=C1)C1=CC=C(O1)\C=C1\SC(=O)NC1=O;CAY10505;CBK290744;BJ1856181;PI3K;NA
261;Selleck-known kinase inhibitors;ClC1=CC2=C(NC(=O)C(C3=NC4=C(N3)C=CC=C4)=C2N[C@@H]2CN3CCC2CC3)C=C1;CHIR-124;CBK290745;BJ1856182;Chk;NA
262;Selleck-known kinase inhibitors;COC1=CC=C(F)C(F)=C1C(=O)C1=C(N)N=C(NC2CCN(CC2)S(C)(=O)=O)N=C1;R547;CBK290752;BJ1856184;CDK;NA
263;Selleck-known kinase inhibitors;CCN1C(=NC2=C1C(OC[C@H]1CCCNC1)=CN=C2C#CC(C)(C)O)C1=NON=C1N;GSK690693;CBK290756;BJ1856191;Akt;NA
264;Selleck-known kinase inhibitors;CC1=C(NC2=CC=CC(=C2)S(=O)(=O)NC(C)(C)C)N=C(NC2=CC=C(OCCN3CCCC3)C=C2)N=C1;Fedratinib (SAR302503, TG101348);CBK290768;BJ1856199;JAK ;NA
265;Selleck-known kinase inhibitors;CS(=O)(=O)N1CCC2=C(N=C(N=C12)N1CCOCC1)C1=CN=C(N)N=C1;CH5132799;CBK290769;BJ1856200;PI3K, mTOR;NA
266;Selleck-known kinase inhibitors;OC(=O)[C@@]1(CC2=CC=CC(NC3=NC=CS3)=N2)CC[C@@H](CC1)OC1=C(F)C(Cl)=CC=C1;MK-5108 (VX-689);CBK290772;BJ1856210;Aurora Kinase;NA
267;Selleck-known kinase inhibitors;COC1=CC2=NC=CC(OC3=CN=C(NC(=O)C4=C(C)N(CC(C)(C)O)N(C4=O)C4=CC=CC=C4)C=C3)=C2C=C1;AMG458;CBK290794;BJ1856214;c-Met;NA
268;Selleck-known kinase inhibitors;CC1=CC(NC2=C3C=C(C=CC3=NC=N2)C2=CC=C(CNCCS(C)(=O)=O)O2)=CC=C1OC1=CC2=NC=NN2C=C1;HER2 Inhibitor 1;CBK290796;BJ1856215;HER2, EGFR;NA
269;Selleck-known kinase inhibitors;CNC(=O)C1=NN(C)C2=C1C(C)(C)CC1=CN=C(NC3=CC=C(C=C3)N3CCN(C)CC3)N=C21;PHA-848125;CBK290797;BJ1856216;CDK;NA
270;Selleck-known kinase inhibitors;CN1C=NC2=C(C=C(NC3=CC(NC(=O)C4=CC(=CC=C4)C(C)(C)C#N)=CC=C3C)C=C2)C1=O;AZ628;CBK290800;BJ1856217;Raf ;NA
271;Selleck-known kinase inhibitors;CN1CCN(CC1)C1=CC=C(C=C1)C1=NC2=C(N3CCN(CC4=NOC(C)=C4)CC3)C(Br)=CN=C2N1;CCT137690;CBK290801;BJ1856218;Aurora Kinase;NA
272;Selleck-known kinase inhibitors;OC(=O)\C=C/C(O)=O.COC1=CC=C(C=N1)C1=CC=C2N=CC3=C(N(C(=O)N3C)C3=CC=C(N4CCNCC4)C(=C3)C(F)(F)F)C2=C1;NVP-BGT226;CBK290806G;BJ1856219;PI3K, mTOR;NA
273;Selleck-known kinase inhibitors;NC1=CC=C(C=N1)C(=O)NC1=CC=CC(=C1)C1=NC(N2CCOCC2)=C2OC3=NC=CC=C3C2=N1;YM201636;CBK290808;BJ1856220;PI3K;NA
274;Selleck-known kinase inhibitors;CC(C)(C)C1=C(O)C(Br)=CC(C=C(C#N)C#N)=C1;AG-1024;CBK290809;BJ1856221;IGF-1R;NA
275;Selleck-known kinase inhibitors;IC1=CN=C(NC2=CC(NC(=O)N3CCCC3)=CC=C2)N=C1NCCCNC(=O)C1=CC=CS1;BX-795;CBK290811;BJ1856223;PDK-1, IKK;NA
276;Selleck-known kinase inhibitors;BrC1=CN=C(NC2=CC(NC(=O)N3CCCC3)=CC=C2)N=C1NCCC1=CN=CN1;BX-912;CBK290812;BJ1856224;PDK-1;NA
277;Selleck-known kinase inhibitors;CN1C=C(C=N1)C1=NN2C(CC3=CC=C4N=CC=CC4=C3)=CN=C2C=C1;NVP-BVU972;CBK290815;BJ1856225;c-Met;NA
278;Selleck-known kinase inhibitors;COC1=CC=C(C=N1)C1=NC2=C(SC(CN(C)C3=NC=C(C=N3)C(=O)NO)=C2)C(=N1)N1CCOCC1;CUDC-907;CBK290821;BJ1856226;HDAC, PI3K;NA
279;Selleck-known kinase inhibitors;CC1=CC=C(C=C1)S(O)(=O)=O.FC1=CC(COC2=CC=C(NC3=C4C=C(NC(=O)C=C)C=CC4=NC=N3)C=C2Cl)=CC=C1;AST-1306;CBK290822G;BJ1856228;EGFR;NA
280;Selleck-known kinase inhibitors;CCCCOC1=C2C=NNC2=NC=C1C(=O)C1=C(F)C=C(C)C=C1F;BMS-265246;CBK290823;BJ1856229;CDK;NA
281;Selleck-known kinase inhibitors;CN(C[C@@H]1COCCO1)S(=O)(=O)NC1=CC2=C(C=C1)C=CC1=C(C=C(C=N1)C1=CN(C)N=C1)C2=O;MK-2461;CBK290826;BJ1856230;c-Met, FGFR, PDGFR;NA
282;Selleck-known kinase inhibitors;CC(C)(O)CC(=O)NCCN1C=CC2=C1C(NC1=CC=C(OC3=CC=CC(=C3)C(F)(F)F)C(Cl)=C1)=NC=N2;TAK-285;CBK290830;BJ1856232;EGFR, HER2;NA
283;Selleck-known kinase inhibitors;C[C@H](NC(=O)C(=C\C1=NC(Br)=CC=C1)\C#N)C1=CC=CC=C1;WP1066;CBK290836;BJ1856234;JAK ;NA
284;Selleck-known kinase inhibitors;NC1=NC=NC2=C1C(=CN2[C@@H]1C[C@H](CN2CCC2)C1)C1=CC(OCC2=CC=CC=C2)=CC=C1;NVP-AEW541;CBK290845;BJ1856237;IGF-1R;NA
285;Selleck-known kinase inhibitors;COC1=CC(OC)=CC(CCC2=CC(NC(=O)C3=CC=C(C=C3)N3C[C@H](C)N[C@H](C)C3)=NN2)=C1;AZD4547;CBK290847;BJ1856238;FGFR;NA
286;Selleck-known kinase inhibitors;NC1=CC=C(C=N1)C1=CC=C2N=CC3=C(N(C(=O)C=C3)C3=CC=CC(=C3)C(F)(F)F)C2=C1;Torin 2;CBK290849;BJ1856242;mTOR;NA
287;Selleck-known kinase inhibitors;CC1=C(SC(NC(=O)N2CCC[C@H]2C(N)=O)=N1)C1=CC(=NC=C1)C(C)(C)C(F)(F)F;BYL719;CBK290850;BJ1856243;PI3K;NA
288;Selleck-known kinase inhibitors;CN1CCN(CC1)C1=CC=CC(NC2=NN3C=CC=C(C3=N2)C2=CC=C(C=C2)S(C)(=O)=O)=C1;CEP33779;CBK290852;BJ1856244;JAK;NA
289;Selleck-known kinase inhibitors;CNC(=O)C1=C(NC2=C(Cl)C=NC(NC3=C(OC)C=C(C=C3)N3CCOCC3)=N2)C=CC=C1;NVP-TAE226;CBK290853;BJ1856245;FAK;NA
290;Selleck-known kinase inhibitors;COCCOC1=CC=C2N(C=NC2=C1)C1=NC2=C(C=CC=C2C=C1)N1CCC(N)CC1;CP 673451;CBK290855;BJ1856246;Others;NA
291;Selleck-known kinase inhibitors;O=C1NCCC2=C1C=C(N2)C1=CC=NC=C1;PHA-767491;CBK290859;BJ1856247;CDK;NA
292;Selleck-known kinase inhibitors;C[C@@H]1COC(NC2=CC3=C(C=C2)N=CN=C3NC2=CC(Cl)=C(OCC3=NC=CS3)C=C2)=N1;ARRY334543;CBK290862;BJ1856251;EGFR;NA
293;Selleck-known kinase inhibitors;CCN1C(N)=C(C(=O)NC)C(=O)C2=CC=C(N=C12)C#C[C@@](C)(O)COC;131675 SAR;CBK290869;BJ1856253;VEGFR;NA
294;Selleck-known kinase inhibitors;NC1=NC(N)=C2N=C(C=NC2=N1)C1=CC(O)=CC=C1;TG 100713;CBK290875;BJ1856255;PI3K;NA
295;Selleck-known kinase inhibitors;CN1CCN(CC1)C1CCN(CC1)C(=O)NC1=NC=CC(OC2=CC(F)=C(NC(=O)C3(CC3)C(=O)NC3=CC=C(F)C=C3)C=C2)=C1;Golvatinib (E7050);CBK290876;BJ1856256;c-Met, VEGFR;NA
296;Selleck-known kinase inhibitors;COC1=CC2=NC=NC(NC3=CC=C(O)C(Br)=C3)=C2C=C1OC;WHI-P154;CBK290877;BJ1856257;JAK, EGFR;NA
297;Selleck-known kinase inhibitors;CC(C)CCN1C(C)C(=O)N(C)C2=C1N=C(NC1=CC(F)=C(O)C(F)=C1)N=C2;BI-D1870;CBK290901;BJ1856260;S6 Kinase;NA
298;Selleck-known kinase inhibitors;COC1=CC=C2N(CCCN(C)C)C=C(C2=C1)C1=C(C(=O)NC1=O)C1=CNC2=C1C=CC=C2;Go 6983;CBK290912;BJ1856266;PKC;NA
299;Selleck-known kinase inhibitors;CS(=O)(=O)C1=CC(CNC2=NC(NC3=CC4=C(NC(=O)CC4)C=C3)=NC=C2C(F)(F)F)=CC=C1;PF 573228;CBK290915;BJ1856267;FAK;NA
300;Selleck-known kinase inhibitors;C#CC1=CC(NC2=NC=NC3=C2C=C2OCCOCCOCCOC2=C3)=CC=C1;Icotinib;CBK290917;BJ1856268;EGFR;NA
301;Selleck-known kinase inhibitors;CCC1=NC(=C(S1)C1=CC(NC(=O)C2=CC=CC=C2)=NC=C1)C1=CC=CC(C)=C1;TAK 715;CBK290918;BJ1856269;p38 MAPK;NA
302;Selleck-known kinase inhibitors;FC(F)(F)C1=CC(\C=C2/SC(=O)NC2=O)=CC=C1;SMI-4a;CBK290942;BJ1856272;Pim;NA
303;Selleck-known kinase inhibitors;CS(=O)(=O)C1=CC=C(C=C1)C1=CN=C(N)C(=N1)C(=O)NC1=CC=CC=C1;VE-821;CBK290943;BJ1856273;ATM/ATR;NA
304;Selleck-known kinase inhibitors;NC(=O)C1=CC=CC(=C1)C1=NC=NC(NC2=CC=C(OC(F)(F)F)C=C2)=C1;GNF-2;CBK290947;BJ1856276;Bcr-Abl;NA
305;Selleck-known kinase inhibitors;COC1=CC2=NC=NC(OC3=CC(NC(=O)NC4=NOC(=C4)C(C)(C)C(F)(F)F)=CC=C3)=C2C=C1OC;CEP-32496;CBK290950;BJ1856281;Raf;NA
306;Selleck-known kinase inhibitors;NC1(CCN(CC1)C1=NC=NC2=C1C=CN2)C(=O)N[C@@H](CCO)C1=CC=C(Cl)C=C1;AZD5363;CBK290956;BJ1856284;Akt;NA
307;Selleck-known kinase inhibitors;C[C@H](NC1=NC=NC2=C1N=CN2)C1=CC2=CC=CC(Cl)=C2C(=O)N1C1=CC=CC=C1;Duvelisib (IPI-145, INK1197);CBK290963;BJ1856291;PI3K;NA
308;Selleck-known kinase inhibitors;OC1=CC(O)=C(C=C1)C(=O)\C=C\C1=CC(O)=C(O)C=C1;Butein;CBK290987;BJ1856294;EGFR;NA
309;Selleck-known kinase inhibitors;CCNC(=O)NC1=CC=C(C=C1)C1=NC(N2CCOC[C@@H]2C)=C2CCN(CC2=N1)C1COC1;GDC-0349;CBK290992;BJ1856295;mTOR;NA
310;Selleck-known kinase inhibitors;BrC1=CC(NC2=NC=NC3=CC=C(NC(=O)C=C)C=C23)=CC=C1;PD168393;CBK290995;BJ1856298;EGFR;NA
311;Selleck-known kinase inhibitors;Cl.N[C@H]1CCCC[C@H]1NC1=NC=C(C(N)=O)C(NC2=CC(=CC=C2)N2N=CC=N2)=N1;PRT062607 (P505-15, PRT2607, BIIB057) HCl;CBK290997C;BJ1856299;Syk;NA
312;Selleck-known kinase inhibitors;NC1=NC(N)=C(N=O)C(OCC2CCCCC2)=N1;NU6027;CBK290998;BJ1856306;CDK;NA
313;Selleck-known kinase inhibitors;CC(C)(C)C1=CC(\C=C(/C#N)C(N)=S)=CC(=C1O)C(C)(C)C;Tyrphostin AG 879 (AG 879);CBK293163;BJ1856241;HER2;NA
314;Selleck-known kinase inhibitors;CN([C@@H](CC1=CC=C(OS(=O)(=O)C2=C3C=CN=CC3=CC=C2)C=C1)C(=O)N1CCN(CC1)C1=CC=CC=C1)S(=O)(=O)C1=CC=CC2=C1C=CN=C2;KN-62;CBK293168;BJ1856347;Others;NA
315;Selleck-known kinase inhibitors;[H].OOP(=O)=O.COC1=CC=C(C=C1)S(=O)(=O)N(CCO)C1=CC=CC=C1CN(C)C\C=C\C1=CC=C(Cl)C=C1;KN-93 Phosphate;CBK293169G;BJ1856346;Others;NA
316;Selleck-known kinase inhibitors;COC1=CC2=NC=C(N=C2C=C1OC)C1=CC=CC=C1;Tyrphostin AG 1296 (AG 1296);CBK293174;BJ1856285;PDGFR;NA
317;Selleck-known kinase inhibitors;CC1=C2N=C(NC2=CC(=C1)N1CCOCC1)C1=C(NC[C@@H](O)C2=CC=CC(Cl)=C2)C=CNC1=O;BMS-536924;CBK293852;BJ1856190;IGF-1R;NA
318;Selleck-known kinase inhibitors;CN1C=C(C=N1)C1=C2N=C([C@@H]3CCCNC3)C(Br)=C(N)N2N=C1;MK-8776 (SCH 900776);CBK293853;BJ1856203;CHK;NA
319;Selleck-known kinase inhibitors;C[C@@H](NC1=CC=CC=C1C(O)=O)C1=CC(C)=CN2C(=O)C=C(N=C12)N1CCOCC1;AZD6482;CBK293854;BJ1856250;PI3K;NA
320;Selleck-known kinase inhibitors;COC1=CC(=CC=C1NC1=NC=C(Cl)C(NC2=CC=CC=C2P(C)(C)=O)=N1)N1CCC(CC1)N(C)C;AP26113;CBK293855;BJ1856283;ALK;NA
321;Selleck-known kinase inhibitors;CN(C)C\C=C\C(=O)NC1=CC(=CC=C1)C(=O)NC1=CC=C(NC2=NC=CC(=N2)C2=CC=CN=C2)C(C)=C1;JNK-IN-8;CBK293856;BJ1856292;Free Base;NA
322;Selleck-known kinase inhibitors;CCC1=CC=C(\C=C2\SC(=S)NC2=O)C=C1;10058-F4;CBK293857;BJ1856300;c-Myc;NA
323;Selleck-known kinase inhibitors;Cl.CN1CC[C@H]([C@@H]1CO)C1=C(O)C=C(O)C2=C1OC(=CC2=O)C1=C(Cl)C=CC=C1;P276-00;CBK293858C;BJ1856301;CDK;NA
324;Selleck-known kinase inhibitors;CC(C)OC1=C(NC2=NC(NC3=C(C=CC=C3)S(=O)(=O)C(C)C)=C(Cl)C=N2)C=C(C)C(=C1)C1CCNCC1;Ceritinib (LDK378);CBK293859;BJ1856304;ALK;NA
325;Selleck-known kinase inhibitors;CS(O)(=O)=O.CCN1CCN(CC2=CC=C(NC3=NC(=C(F)C=N3)C3=CC(F)=C4N=C(C)N(C(C)C)C4=C3)N=C2)CC1;LY2835219;CBK293860G;BJ1856305;CDK;NA
326;Selleck-known kinase inhibitors;COC1=C(NC2=NC=C(C(NC3=CC=CC(NC(=O)C=C)=C3)=N2)C(F)(F)F)C=CC(NC2CN(CCF)C2)=C1;CNX-2006;CBK293861;BJ1856307;EGFR;NA
327;Selleck-known kinase inhibitors;OC1=CC(CNC(=O)NC2=NC(=CS2)C2=CC=NC=C2)=CC=C1;RKI-1447;CBK293862;BJ1856309;ROCK;NA
328;Selleck-known kinase inhibitors;COC1=C(NC2=NC(C3=CNC4=C3C=CC=C4)=C(Cl)C=N2)C=CC(=C1)N1CCC(N)CC1;AZD3463;CBK293863;BJ1856310;ALK;NA
329;Selleck-known kinase inhibitors;OC1=C(C2=CC(=CC=C2N1)C#N)C1=CC=C(CN2CCOCC2)C=N1;AZD1080;CBK293864;BJ1856311;GSK-3;NA
330;Selleck-known kinase inhibitors;CNC1=NC(=CC(=N1)N1C[C@H](CC[C@H]1C)C(=O)NC1CCCCC1)C1=CC2=C(C=C1)C(N)=NN2;GSK2334470;CBK293865;BJ1856317;PDK-1;NA
331;Selleck-known kinase inhibitors;CC1=C(CN2C3=NCCN3C(=O)C3=C2CCN(CC2=CC=CC=C2)C3)C=CC=C1;TIC10;CBK293866;BJ1856318;Akt;NA
332;Selleck-known kinase inhibitors;CN1CCN(CC1)S(=O)(=O)C1=CC=C(C=C1)C1=CN=C(N)C(=N1)C(=O)NC1=CN=CC=C1;AZD2858;CBK293867;BJ1856320;GSK-3;NA
333;Selleck-known kinase inhibitors;[H][C@@]12CC(C)(C)CC[C@@]1(CC[C@]1(C)[C@]2([H])C(=O)C=C2[C@@]1(C)CC[C@@]1([H])C(C)(C)C(=O)C(=C[C@]21C)C#N)C(=O)OC;Bardoxolone Methyl;CBK293868;BJ1856323;I¦ÊB/IKK;NA
334;Selleck-known kinase inhibitors;CC(C)(C)NS(=O)(=O)C1=CN=CC(=C1)C1=CN2N=C(N)N=C2C(F)=C1;CZC24832;CBK293869;BJ1856324;"Product Categories
PI3K/Akt/mTORPI3K
PI3K";NA
335;Selleck-known kinase inhibitors;CC(C)(C#N)C1=CC=C(C=C1)N1C(=O)OCC2=C1C1=C(C=CC(=C1)C1=CN=C3C=CC=CC3=C1)N=C2;ETP-46464;CBK293870;BJ1856325;mTOR;NA
336;Selleck-known kinase inhibitors;COC1=C(NC2=NC=C(C(NC3=CC=CC(NC(=O)C=C)=C3)=N2)C(F)(F)F)C=CC(=C1)N1CCN(CC1)C(C)=O;CO-1686;CBK293871;BJ1856326;EGFR;NA
337;Selleck-known kinase inhibitors;CCN1C2=C(C=CC=C2)C2=C1C=CC(NC1=NC(NCCCN3CCOCC3)=NC=C1)=C2;EHop-016;CBK293872;BJ1856327;Rac;NA
338;Selleck-known kinase inhibitors;OC[C@@H](O)COC1=CC=C2CCC3=CC(NC4=CC=C(F)C=C4F)=CC=C3C(=O)C2=C1;Skepinone-L;CBK293873;BJ1856328;p38 MAPK;NA
339;Selleck-known kinase inhibitors;CC1=CN=C2N1C1=CC(C)=CC=C1N=C2NCCN;bms-345541;CBK293874;BJ1856329;I¦ÊB/IKK;NA
340;Selleck-known kinase inhibitors;O=C(NC1=CC=C(C=C1)C1=CC=NC(NC2=CC=C(C=C2)N2CCOCC2)=N1)[C@@H]1CCCN1;XL019;CBK293875;BJ1856330;JAK;NA
341;Selleck-known kinase inhibitors;COC1=C2C=CC=CN2C(C(=O)C2=CC=C(N)C(=C2)C(=O)O[Na])=C1C;SSR128129E (SSR);CBK293876;BJ1856331;FGFR;NA
342;Selleck-known kinase inhibitors;FC1=C(NC(=O)CC2=CC=CC(=C2)C(F)(F)F)C=C(OC2=C(C#N)C3=C(C=C2)N=C(NC(=O)C2CC2)S3)C=C1;TAK-632;CBK293877;BJ1856332;Raf;NA
343;Selleck-known kinase inhibitors;CC1=CC(C)=NC(NS(=O)(=O)C2=CC=C(NC(=S)NC(=O)COC3=C(Cl)C=C(Br)C=C3)C=C2)=N1;ZCL 278;CBK293878;BJ1856333;Rho;NA
344;Selleck-known kinase inhibitors;COCCOC1=CC=C(NC2=NC=C(F)C(NC3=CC(NC(=O)C=C)=CC=C3)=N2)C=C1;AVL-292;CBK293879;BJ1856334;BTK;NA
345;Selleck-known kinase inhibitors;C(CN1CCCC1)OC1=CC=C2NC3=NC=CC(=N3)C3=CC(COC\C=C\COCC1=C2)=CC=C3;Pacritinib (SB1518);CBK293880;BJ1856335;JAK;NA
346;Selleck-known kinase inhibitors;CCN1\C(SC2=C1C=C(OC)C=C2)=C\C(C)=O;TG003;CBK293881;BJ1856337;CDK;NA
347;Selleck-known kinase inhibitors;CCC(=O)NC1=CC=CC(OC2=NC(NC3=C(OC)C=C(C=C3)N3CCN(C)CC3)=NC=C2Cl)=C1;WZ4003;CBK293882;BJ1856338;AMPK;NA
348;Selleck-known kinase inhibitors;C[C@@H]1COCCN1C1=NC(=NC(=C1)C1(CC1)S(C)(=O)=O)C1=CC=CC2=C1C=CN2;AZ20;CBK293883;BJ1856339;ATM/ATR;NA
349;Selleck-known kinase inhibitors;CNC(=O)C1=CC(OC2=CC=C(NC3=NC(NC4=CC=CC(NC(=O)C=C)=C4)=C(F)C=N3)C=C2)=CC=N1;CNX-774;CBK293884;BJ1856340;BTK;NA
350;Selleck-known kinase inhibitors;CNCC1=CC=C(C=C1)C1=NOC(=C1)C1=C(N)N=CC(=N1)C1=CC=C(C=C1)S(=O)(=O)C(C)C;VE-822;CBK293885;BJ1856341;ATM/ATR;NA
351;Selleck-known kinase inhibitors;FC1=C(C=CC=C1Cl)C(=O)N1CCN(CC2=CC=CC(NC3=NC=CS3)=N2)CC1;MK8745;CBK293886;BJ1856343;Aurora Kinase;NA
352;Selleck-known kinase inhibitors;COC1=C(NC2=NC=CC(=N2)C2=CN(C)C3=C2C=CC=C3)C=C(NC(=O)C=C)C(=C1)N(C)CCN(C)C;AZD9291;CBK293887;BJ1856344;EGFR;NA
353;Selleck-known kinase inhibitors;OCCNC(=O)C1=CC=CC(=C1)C1=CC(NC2=CC=C(OC(F)(F)F)C=C2)=NC=N1;GNF-5;CBK293888;BJ1856345;Bcr-Abl;NA
354;Selleck-known kinase inhibitors;O=C(\C=C\C1=CC=C2C=CC=CC2=N1)C1=CC=NC=C1;PFK15;CBK293889;BJ1856348;Others;NA
355;Selleck-known kinase inhibitors;CCOC(=O)C1=CN=C2C=CC(=CN12)C1=CN=CC(NS(=O)(=O)C2=CC=CC=C2)=C1;HS-173;CBK293890;BJ1856349;PI3K;NA
356;Selleck-known kinase inhibitors;CC1=C(F)C=C(C=C1C1=CC=C(C=N1)C(=O)NCC(C)(C)C)C(=O)NC1CC1;Losmapimod;CBK293891;BJ1856350;p38 MAPK;NA
357;Selleck-known kinase inhibitors;CNC1=NC(NC2=CN(N=C2C)C(C)(C)C#N)=NC=C1C(F)(F)F;GNE-0877;CBK293892;BJ1856351;Others;NA
358;Selleck-known kinase inhibitors;CC1=CC(CS(=O)(=O)C2=CC=CC=C2)=CC(OCC2=CC=C(CN3CCC[C@@H]3CO)C=C2)=C1;PF-543;CBK293893;BJ1856352;S1P Receptor;NA
359;Selleck-known kinase inhibitors;N[C@@H]1CCCN(C1)C1=C(\C=C2/SC(=O)NC2=O)C=CC=C1C1=CC=CC=C1;AZD1208;CBK293894;BJ1856353;Pim;NA
360;Selleck-known kinase inhibitors;Cl.CN1CCCN(CC1)C(=O)C1=CC=CC(=C1)C1=CC=C(O1)\C=C1\C(=O)NC2=C1C=C(Cl)C=C2;CX-6258 HCl;CBK293895C;BJ1856354;Pim;NA
361;Selleck-known kinase inhibitors;COC1=CC=CC=C1C1=NC=NC(NC2=CC(CS(N)(=O)=O)=CC=C2)=C1;LDC000067;CBK293896;BJ1856356;CDK;NA
362;Selleck-known kinase inhibitors;CCOC1=CC(=CC=C1NC1=NC2=C(C=N1)N(C)C(=O)C1=C(C=CC=C1)N2C)N1CCC(O)CC1;XMD8-92;CBK293897;BJ1856357;ERK;NA
363;Selleck-known kinase inhibitors;CN1C=C(N=C(NC2=CC=C(C=C2)C(=O)N2CCOCC2)C1=O)C1=CC=CC(NC(=O)C2=CC=C(C=C2)C(C)(C)C)=C1C;CGI1746;CBK293898;BJ1856358;BTK;NA
364;Selleck-known kinase inhibitors;CN(C)C[C@@H](NC(=O)N1CC2=C(NN=C2NC2=NC(C)=NC3=C2SC=C3)C1(C)C)C1=CC=CC=C1;PF-3758309;CBK293899;BJ1856360;PAK;NA
365;Selleck-known kinase inhibitors;CCNC1=NC(NC2=CC(F)=C(C=C2OC)C(=O)N2CCOCC2)=NC=C1C(F)(F)F;GNE-7915;CBK293900;BJ1856361;Others;NA
366;Selleck-known kinase inhibitors;CSC1=CC(NC2=NC3C(C=N2)C=C(C(=O)N3C)C2=C(Cl)C=CC=C2Cl)=CC=C1;PD173955;CBK293901;BJ1856362;Bcr-Abl;NA
367;Selleck-known kinase inhibitors;COC1=CC(Cl)=C(I)C=C1NCC(=O)N1CCC(CC1)NS(=O)(=O)C=C;K-Ras(G12C) inhibitor 9;CBK293902;BJ1856363;Rho;NA
368;Selleck-known kinase inhibitors;[H][C@@]12CCCCN1C(=O)C(=O)[C@]1(O)O[C@@H](CC[C@H]1C)C[C@H](OC)\C(C)=C\C=C\C=C\[C@@H](C)C[C@@H](C)C(=O)[C@H](OC)[C@H](O)\C(C)=C\[C@@H](C)C(=O)C[C@H](OC2=O)[C@H](C)C[C@@H]1CC[C@@H]([C@@H](C1)OC)N1C=NN=N1;Zotarolimus (ABT-578);CBK293903;BJ1856364;mTOR;NA
369;Selleck-known kinase inhibitors;COC1=CC=C(N(C(=O)OC2=C(C)C=CC=C2C)C2=CC=NC(NC3=CC=C(C=C3)N3CCN(C)CC3)=N2)C(OC)=C1;WH-4-023;CBK293904;BJ1856365;Src;NA
370;Selleck-known kinase inhibitors;OC(=O)C(F)(F)F.CN(C)CCSSCCNC(=O)C1CCN(CC1)C(=O)CSC1=CC=C(Cl)C=C1;6H05;CBK293905T;BJ1856370;Rho;NA
371;Selleck-known kinase inhibitors;CN1CCN(CC1)C1=CC=C(OC(F)(F)F)C(NC2=NC3=C(CCC4=C3N(CCO)N=C4C(N)=O)C=N2)=C1;NMS-P937 (NMS1286937);CBK293906;BJ1856371;PLK;NA
372;Selleck-known kinase inhibitors;CNC1=NC(NC2=C(Cl)N(N=C2)[C@H]2CCN(C[C@@H]2F)C2COC2)=NC=C1C(F)(F)F;GNE-9605;CBK293907;BJ1856372;LRRK2;NA
373;Selleck-known kinase inhibitors;O=C(NC1=NN2C(C=CC=C2C2=CC=C(CN3CCS(=O)(=O)CC3)C=C2)=N1)C1CC1;Filgotinib£¨GLPG0643);CBK293908;BJ1856373;JAK;NA
374;Selleck-known kinase inhibitors;CC(C)N1C(C)=NC2=C1N=C(N=C2C1=CN=C(N)N=C1)N1CCOCC1;VS-5584 (SB2343);CBK293909;BJ1856375;PI3K;NA
375;Selleck-known kinase inhibitors;COC1=C(NC2=NC3=C(C=N2)N(C)C(=O)C(F)(F)CN3C2CCCC2)C=CC(=C1)C(=O)NC1CCN(C)CC1;Ro3280;CBK293910;BJ1856377;PLK;NA
376;Selleck-known kinase inhibitors;O=C(NC1=C(C#N)C2=C(CCCC2)S1)C1=CC=CC2=C1C=CC=C2;JNK inhibitor IX;CBK293911;BJ1856378;JNK;NA
377;Selleck-known kinase inhibitors;CS(O)(=O)=O.CS(O)(=O)=O.CN1CCN(CC2=C(C=C(NC(=O)C3=CC(C#CC4=CC5=C(NN=C5)N=C4)=C(C)C=C3)C=C2)C(F)(F)F)CC1;GZD824 Dimesylate;CBK293912G;BJ1856308;Bcr-Abl;NA
378;Selleck-known kinase inhibitors;Cl.Cl.FC(F)(F)C1=CC2=C(C=C1)C(SCCCCCOC1=COC(CN3CCOCC3)=CC1=O)=CC=N2;EHT 1864;CBK293913C;BJ1856355;Rho;NA